timestamp,playback_time,step_index,demo_name,actual_joint_pos_1,actual_joint_pos_2,actual_joint_pos_3,actual_joint_pos_4,actual_joint_pos_5,actual_joint_pos_6,actual_joint_pos_7,actual_eef_pos_x,actual_eef_pos_y,actual_eef_pos_z,actual_eef_quat_x,actual_eef_quat_y,actual_eef_quat_z,actual_eef_quat_w,actual_gripper_width,actual_gripper_pos_1,actual_gripper_pos_2
1752067116.919344,0.05076742172241211,0,demo_1,0.0,0.0,0.0,0.0,0.0,0.0,0.0,0.5026100700308243,-0.008716753131779125,0.39552472916685166,0.9994329626541839,-0.014776334332092586,0.029865619382532762,-0.004317815753947145,0.07952035963535309,0.039760179817676544,0.039760179817676544
1752067116.9705882,0.10201168060302734,1,demo_1,0.0,0.0,0.0,0.0,0.0,0.0,0.0,0.5031856299376485,-0.008978657545957685,0.396224114353531,0.9994057108496847,-0.01489536698426439,0.030726346942131746,-0.004174973048426334,0.07952035963535309,0.039760179817676544,0.039760179817676544
1752067117.0212333,0.15265679359436035,2,demo_1,0.0,0.0,0.0,0.0,0.0,0.0,0.0,0.5051988219575979,-0.00989875969211869,0.3987296361740641,0.999312586409476,-0.015444013735195506,0.03341042693382522,-0.0038426563654544014,0.07952035963535309,0.039760179817676544,0.039760179817676544
1752067117.0721767,0.20360016822814941,3,demo_1,0.0,0.0,0.0,0.0,0.0,0.0,0.0,0.5085743443045886,-0.01136567217360385,0.40243696478892715,0.9991651736222251,-0.01656653660064506,0.037091594367187564,-0.00372889953438131,0.07952035963535309,0.039760179817676544,0.039760179817676544
1752067117.1227574,0.254180908203125,4,demo_1,0.0,0.0,0.0,0.0,0.0,0.0,0.0,0.5126970192298934,-0.013090357795483086,0.4060148028654141,0.9990027170004383,-0.017709243690505395,0.0407677388773436,-0.003623640442872513,0.07952102273702621,0.03976051136851311,0.03976051136851311
1752067117.1731584,0.304581880569458,5,demo_1,0.0,0.0,0.0,0.0,0.0,0.0,0.0,0.5170908071506917,-0.014795409318461338,0.4096824030552466,0.9988828250706148,-0.01670855250012543,0.044009896412784376,-0.003498631932414797,0.07952102273702621,0.03976051136851311,0.03976051136851311
1752067117.2237337,0.35515713691711426,6,demo_1,0.0,0.0,0.0,0.0,0.0,0.0,0.0,0.5216037756415449,-0.01639849525930745,0.41301234971734757,0.9987688192731033,-0.015191562191975799,0.04704902620754575,-0.0034112765145212685,0.07952102273702621,0.03976051136851311,0.03976051136851311
1752067117.2744877,0.4059112071990967,7,demo_1,0.0,0.0,0.0,0.0,0.0,0.0,0.0,0.5258752357054127,-0.017786577784149396,0.415995930324235,0.9986824932556572,-0.01392401671606657,0.049227737300911255,-0.0033488908401937234,0.07952102273702621,0.03976051136851311,0.03976051136851311
1752067117.3249075,0.4563310146331787,8,demo_1,0.0,0.0,0.0,0.0,0.0,0.0,0.0,0.5299077556970343,-0.01887494696496732,0.4186585079191257,0.9985986438782779,-0.013290246907948606,0.05107410157767541,-0.0032771602325458614,0.07952035963535309,0.039760179817676544,0.039760179817676544
1752067117.3757398,0.5071632862091064,9,demo_1,0.0,0.0,0.0,0.0,0.0,0.0,0.0,0.5335859383268077,-0.01964661155512141,0.4208576275863239,0.9985284647418101,-0.013077806873180343,0.052488048404858365,-0.0031728093055022623,0.07952035963535309,0.039760179817676544,0.039760179817676544
1752067117.4265966,0.5580201148986816,10,demo_1,0.0,0.0,0.0,0.0,0.0,0.0,0.0,0.5368824901746697,-0.019936130105030817,0.42291908753870144,0.9984789533256435,-0.012861581731700097,0.05347819454064042,-0.0031029168930599583,0.07952035963535309,0.039760179817676544,0.039760179817676544
1752067117.4772303,0.6086537837982178,11,demo_1,0.0,0.0,0.0,0.0,0.0,0.0,0.0,0.5397731513774338,-0.019824909140485375,0.4243942480831612,0.9984353894252535,-0.012227752819503205,0.0544335586902857,-0.003070646957533494,0.07952035963535309,0.039760179817676544,0.039760179817676544
1752067117.5280726,0.6594960689544678,12,demo_1,0.0,0.0,0.0,0.0,0.0,0.0,0.0,0.5422739786128591,-0.019156088066779514,0.4259182343341773,0.9984050404520888,-0.010470740477193742,0.05535223444160151,-0.003009170778772121,0.07952035963535309,0.039760179817676544,0.039760179817676544
1752067117.57876,0.7101833820343018,13,demo_1,0.0,0.0,0.0,0.0,0.0,0.0,0.0,0.5444919146114588,-0.017702664068485963,0.427063669148558,0.9983882131331215,-0.007354309222675767,0.05615749304748863,-0.002900418640734806,0.07952035963535309,0.039760179817676544,0.039760179817676544
1752067117.6292884,0.7607119083404541,14,demo_1,0.0,0.0,0.0,0.0,0.0,0.0,0.0,0.5463465279352091,-0.01542717779764284,0.42785628857795943,0.998364446522669,-0.0031221554274548217,0.05697488502650451,-0.0027808625009265106,0.07952035963535309,0.039760179817676544,0.039760179817676544
1752067117.6801512,0.8115746974945068,15,demo_1,0.0,0.0,0.0,0.0,0.0,0.0,0.0,0.5478290114487184,-0.011990376951940567,0.4286693053860485,0.9983164088418417,0.00253929446229749,0.0578456021818181,-0.0026406059869613437,0.07952035963535309,0.039760179817676544,0.039760179817676544
1752067117.7310114,0.8624348640441895,16,demo_1,0.0,0.0,0.0,0.0,0.0,0.0,0.0,0.5490467294126673,-0.00731335115380369,0.4293204779597643,0.998231256223143,0.00958987001835589,0.05857711386561914,-0.002510275139380082,0.07952035963535309,0.039760179817676544,0.039760179817676544
1752067117.7817373,0.9131608009338379,17,demo_1,0.0,0.0,0.0,0.0,0.0,0.0,0.0,0.550070708669361,-0.0012768707386067839,0.42974900066729416,0.9981017372570085,0.017073808898172012,0.05908038739918421,-0.0024698689539294273,0.07952035963535309,0.039760179817676544,0.039760179817676544
1752067117.832587,0.96401047706604,18,demo_1,0.0,0.0,0.0,0.0,0.0,0.0,0.0,0.5508219352172113,0.006243694264486941,0.429945809293765,0.9979321217764223,0.024489547500799555,0.059340628850646504,-0.002369801901136025,0.07952035963535309,0.039760179817676544,0.039760179817676544
1752067117.8833659,1.014789342880249,19,demo_1,0.0,0.0,0.0,0.0,0.0,0.0,0.0,0.5511628143430936,0.015022703208487996,0.4298116017817065,0.9977154316738457,0.03227167317030245,0.05926346846482809,-0.0023408294351708703,0.07952035963535309,0.039760179817676544,0.039760179817676544
1752067117.9340734,1.0654969215393066,20,demo_1,0.0,0.0,0.0,0.0,0.0,0.0,0.0,0.5510655030969148,0.02535079695871197,0.4292933246412819,0.9974096536925161,0.0412765785365227,0.058816605298203775,-0.0024519757844574577,0.07952102273702621,0.03976051136851311,0.03976051136851311
1752067117.9848125,1.1162359714508057,21,demo_1,0.0,0.0,0.0,0.0,0.0,0.0,0.0,0.5506384703867013,0.03700542755304639,0.42840949563430836,0.997013201843424,0.05080481239006068,0.05806349038152407,-0.0027113975054121556,0.07952102273702621,0.03976051136851311,0.03976051136851311
1752067118.0355763,1.1669998168945312,22,demo_1,0.0,0.0,0.0,0.0,0.0,0.0,0.0,0.5499465115487394,0.04991421199355552,0.42703928778598965,0.9966099146865489,0.05925728040831786,0.05694042499920118,-0.003195364349411284,0.07952102273702621,0.03976051136851311,0.03976051136851311
1752067118.086431,1.2178544998168945,23,demo_1,0.0,0.0,0.0,0.0,0.0,0.0,0.0,0.5490632614502647,0.06365534788462011,0.42508079703924057,0.9963438430212442,0.06489279518823884,0.055395043905541994,-0.0037982892024085867,0.07952102273702621,0.03976051136851311,0.03976051136851311
1752067118.1372879,1.2687113285064697,24,demo_1,0.0,0.0,0.0,0.0,0.0,0.0,0.0,0.5479327648646154,0.07860714498369209,0.42247356559549587,0.9963122112196375,0.0669625739291444,0.05341967619630394,-0.00441527141856092,0.07952035963535309,0.039760179817676544,0.039760179817676544
1752067118.1881902,1.3196136951446533,25,demo_1,0.0,0.0,0.0,0.0,0.0,0.0,0.0,0.5465209383856331,0.0943944415822654,0.4192527155985515,0.9964869682676737,0.06603524672996303,0.05119692525877005,-0.005206598766556465,0.07952035963535309,0.039760179817676544,0.039760179817676544
1752067118.2388878,1.3703112602233887,26,demo_1,0.0,0.0,0.0,0.0,0.0,0.0,0.0,0.5449440747569775,0.11063135558025806,0.41547696850620086,0.9967923122584149,0.0630457238806542,0.04885261994781528,-0.006237939893301584,0.07952035963535309,0.039760179817676544,0.039760179817676544
1752067118.2893274,1.4207508563995361,27,demo_1,0.0,0.0,0.0,0.0,0.0,0.0,0.0,0.5433651237386883,0.12657316464245497,0.411257732191758,0.997108577231468,0.05952284866554999,0.046590713527806464,-0.007482690744849452,0.07952035963535309,0.039760179817676544,0.039760179817676544
1752067118.3398802,1.4713037014007568,28,demo_1,0.0,0.0,0.0,0.0,0.0,0.0,0.0,0.5418185151186931,0.14249137628386072,0.40613985288212884,0.9974376215609595,0.055403512075215364,0.04429676419014464,-0.009033851793671483,0.07952035963535309,0.039760179817676544,0.039760179817676544
1752067118.390774,1.5221974849700928,29,demo_1,0.0,0.0,0.0,0.0,0.0,0.0,0.0,0.5403062644211689,0.1577418271949326,0.40034760690903604,0.9977629342588549,0.050905251543965,0.041920393583983896,-0.010753471966602292,0.07952035963535309,0.039760179817676544,0.039760179817676544
1752067118.4413693,1.5727927684783936,30,demo_1,0.0,0.0,0.0,0.0,0.0,0.0,0.0,0.5389412843572297,0.17183862438729142,0.39395969343091497,0.9981018131360864,0.04560762046631392,0.039369663830534564,-0.012566693748633905,0.07952035963535309,0.039760179817676544,0.039760179817676544
1752067118.49199,1.6234135627746582,31,demo_1,0.0,0.0,0.0,0.0,0.0,0.0,0.0,0.537771092298162,0.18515655768337416,0.38671640842155064,0.9984294006211384,0.03970919550082614,0.036639036985207596,-0.014651683360056064,0.07952035963535309,0.039760179817676544,0.039760179817676544
1752067118.5426424,1.6740658283233643,32,demo_1,0.0,0.0,0.0,0.0,0.0,0.0,0.0,0.537029188268844,0.19726963158406213,0.3786561892486905,0.9987089871446251,0.03393712660083217,0.03385738141504501,-0.01665801016045484,0.07952035963535309,0.039760179817676544,0.039760179817676544
1752067118.5930166,1.724440097808838,33,demo_1,0.0,0.0,0.0,0.0,0.0,0.0,0.0,0.53659142864296,0.2078589901873754,0.3700171041691286,0.9989379274361018,0.028973658967697845,0.030840023119126342,-0.018100271892590333,0.07952035963535309,0.039760179817676544,0.039760179817676544
1752067118.6439106,1.775334119796753,34,demo_1,0.0,0.0,0.0,0.0,0.0,0.0,0.0,0.5365375111549228,0.21756594012204922,0.36048932189593713,0.9991212815320467,0.024850531161370277,0.027813996590760653,-0.01899160890629714,0.07952102273702621,0.03976051136851311,0.03976051136851311
1752067118.694468,1.8258914947509766,35,demo_1,0.0,0.0,0.0,0.0,0.0,0.0,0.0,0.5369239525943216,0.22611290750017915,0.3502232297544826,0.9992865233526638,0.02052509526021845,0.024714364537781516,-0.01973701008974776,0.07952102273702621,0.03976051136851311,0.03976051136851311
1752067118.7448888,1.876312255859375,36,demo_1,0.0,0.0,0.0,0.0,0.0,0.0,0.0,0.5375146923190262,0.23394610557660836,0.33902528207394067,0.9994227570932646,0.01679936994404001,0.021402030406195465,-0.020225533620347267,0.07952102273702621,0.03976051136851311,0.03976051136851311
1752067118.7957513,1.9271748065948486,37,demo_1,0.0,0.0,0.0,0.0,0.0,0.0,0.0,0.538434148800727,0.24087799561403914,0.3271315700897155,0.9995228724970384,0.014169012544393011,0.018172986930553588,-0.020449809771553702,0.07952102273702621,0.03976051136851311,0.03976051136851311
1752067118.8466954,1.978118896484375,38,demo_1,0.0,0.0,0.0,0.0,0.0,0.0,0.0,0.5396216596788954,0.24713816879267067,0.3147213244506311,0.9995866509259804,0.0121116369986975,0.014963971714484213,-0.02123914042040314,0.07952102273702621,0.03976051136851311,0.03976051136851311
1752067118.8974707,2.0288941860198975,39,demo_1,0.0,0.0,0.0,0.0,0.0,0.0,0.0,0.5411475079264584,0.25257195331486504,0.3019323691428131,0.9996212001420607,0.011492764551196872,0.012371578202878182,-0.021621810936608653,0.07952102273702621,0.03976051136851311,0.03976051136851311
1752067118.9478672,2.0792906284332275,40,demo_1,0.0,0.0,0.0,0.0,0.0,0.0,0.0,0.5428863330398191,0.2572351588751971,0.2891645905209179,0.9996341391876916,0.011400744599564461,0.010175485201192453,-0.022209375723640463,0.07952102273702621,0.03976051136851311,0.03976051136851311
1752067118.9982944,2.1297178268432617,41,demo_1,0.0,0.0,0.0,0.0,0.0,0.0,0.0,0.5448033289144504,0.26137868489157307,0.2762720666338424,0.9996358270763173,0.011297626532361294,0.008389481540675505,-0.02292115937279031,0.07952102273702621,0.03976051136851311,0.03976051136851311
1752067119.0491798,2.180603265762329,42,demo_1,0.0,0.0,0.0,0.0,0.0,0.0,0.0,0.5469468435521905,0.2649592275834087,0.26320631633462976,0.9996299630909138,0.011596005038089318,0.006860041996397741,-0.023528608888817654,0.07952035963535309,0.039760179817676544,0.039760179817676544
1752067119.0997133,2.2311367988586426,43,demo_1,0.0,0.0,0.0,0.0,0.0,0.0,0.0,0.5492178247719984,0.2681264676966127,0.2502563789358173,0.9996211484664285,0.011090745767821951,0.005373699332607815,-0.02451253479506624,0.07952035963535309,0.039760179817676544,0.039760179817676544
1752067119.150583,2.2820065021514893,44,demo_1,0.0,0.0,0.0,0.0,0.0,0.0,0.0,0.5515982118321847,0.27094593243345,0.23757764779219898,0.9996145706577524,0.010286155717123447,0.004161958471368471,-0.025352897732431795,0.07952035963535309,0.039760179817676544,0.039760179817676544
1752067119.2016544,2.333077907562256,45,demo_1,0.0,0.0,0.0,0.0,0.0,0.0,0.0,0.5540231416508159,0.2735066652936482,0.22516455473525399,0.9995987624287578,0.008907717271100702,0.003044840623666189,-0.026624837828489057,0.07952102273702621,0.03976051136851311,0.03976051136851311
1752067119.2521014,2.3835248947143555,46,demo_1,0.0,0.0,0.0,0.0,0.0,0.0,0.0,0.5563847122957883,0.27584739332308295,0.21343425868845506,0.9995759359407658,0.008625431208641723,0.001866232325955139,-0.02766322008084408,0.07952102273702621,0.03976051136851311,0.03976051136851311
1752067119.3026907,2.4341142177581787,47,demo_1,0.0,0.0,0.0,0.0,0.0,0.0,0.0,0.5587514848280365,0.2778966141311305,0.2016869590381949,0.9995519166376567,0.008790165007276784,0.0008641089096898424,-0.028515585051226845,0.07952102273702621,0.03976051136851311,0.03976051136851311
1752067119.353236,2.484659433364868,48,demo_1,0.0,0.0,0.0,0.0,0.0,0.0,0.0,0.5609561905415122,0.2795843412028592,0.1906493852604531,0.9995193345501788,0.008686870619544455,-0.00018360378392307027,-0.02967811933766908,0.07952102273702621,0.03976051136851311,0.03976051136851311
1752067119.4040241,2.535447597503662,49,demo_1,0.0,0.0,0.0,0.0,0.0,0.0,0.0,0.5631677627229141,0.28102793750986826,0.17990923703388473,0.9994924892676994,0.008904904106083508,-0.0010748333511460513,-0.030487663630551432,0.07952102273702621,0.03976051136851311,0.03976051136851311
1752067119.454627,2.586050510406494,50,demo_1,0.0,0.0,0.0,0.0,0.0,0.0,0.0,0.5653087700832533,0.2821872383580758,0.16962813707929564,0.9994717243384829,0.009378746282289347,-0.0019923340542684236,-0.030976252990814288,0.07952102273702621,0.03976051136851311,0.03976051136851311
1752067119.505563,2.636986494064331,51,demo_1,0.0,0.0,0.0,0.0,0.0,0.0,0.0,0.5674374836125968,0.2833578381552705,0.15983502619361173,0.9994310151418783,0.009646889718376815,-0.0028793233982452415,-0.032116650536584426,0.07952102273702621,0.03976051136851311,0.03976051136851311
1752067119.556611,2.6880345344543457,52,demo_1,0.0,0.0,0.0,0.0,0.0,0.0,0.0,0.5697351090221263,0.284363265474319,0.15073007737657795,0.9993961369371573,0.01015585998559151,-0.0032992009020533578,-0.032992748620394,0.07952102273702621,0.03976051136851311,0.03976051136851311
1752067119.6074622,2.7388856410980225,53,demo_1,0.0,0.0,0.0,0.0,0.0,0.0,0.0,0.572043210064271,0.285415525494901,0.14230935039227255,0.9993555509025452,0.009634633132053512,-0.003978124655572588,-0.03427852831819523,0.07952102273702621,0.03976051136851311,0.03976051136851311
1752067119.6585538,2.7899773120880127,54,demo_1,0.0,0.0,0.0,0.0,0.0,0.0,0.0,0.5745919903461489,0.2865860265811666,0.134086281351889,0.9993225798824734,0.009441837170263619,-0.003987391323397928,-0.035277755466792605,0.07952102273702621,0.03976051136851311,0.03976051136851311
1752067119.7090368,2.8404603004455566,55,demo_1,0.0,0.0,0.0,0.0,0.0,0.0,0.0,0.5770394319477627,0.28764198480261327,0.12672907483776294,0.9992865962650523,0.008306286735228829,-0.004469062325523753,-0.03650367073565042,0.07952102273702621,0.03976051136851311,0.03976051136851311
1752067119.7596445,2.8910679817199707,56,demo_1,0.0,0.0,0.0,0.0,0.0,0.0,0.0,0.5795336718262852,0.2886358485465389,0.11950933482035779,0.9992604871327367,0.008364052553169627,-0.004694500983518732,-0.03717081523934529,0.07952102273702621,0.03976051136851311,0.03976051136851311
1752067119.8101594,2.9415829181671143,57,demo_1,0.0,0.0,0.0,0.0,0.0,0.0,0.0,0.5821078610600198,0.28956763643619643,0.11308364529113149,0.9992211733147175,0.00739350741298872,-0.004861721878024608,-0.0383918343750716,0.07952102273702621,0.03976051136851311,0.03976051136851311
1752067119.8610115,2.9924349784851074,58,demo_1,0.0,0.0,0.0,0.0,0.0,0.0,0.0,0.5845930613161223,0.2901606878832224,0.1067610162345436,0.9992132827480523,0.007402395792489817,-0.0051666702013780826,-0.03855531187000117,0.07952102273702621,0.03976051136851311,0.03976051136851311
1752067119.9116263,3.0430498123168945,59,demo_1,0.0,0.0,0.0,0.0,0.0,0.0,0.0,0.5871242731304064,0.29071286433631593,0.10095661731811671,0.9991957879173121,0.007692008026126683,-0.005352871768346343,-0.03892484555583061,0.07952035963535309,0.039760179817676544,0.039760179817676544
1752067119.9625564,3.093979835510254,60,demo_1,0.0,0.0,0.0,0.0,0.0,0.0,0.0,0.5894287372176115,0.29088881321077387,0.09536318716359812,0.9991780149721187,0.007474151246741851,-0.006200770955138984,-0.0392959073172348,0.07952035963535309,0.039760179817676544,0.039760179817676544
1752067120.0136452,3.145068645477295,61,demo_1,0.0,0.0,0.0,0.0,0.0,0.0,0.0,0.592013003580596,0.29091577448129496,0.09052133766855133,0.9991762941245612,0.007690156507261318,-0.0059763603748437715,-0.039332738095437275,0.07952035963535309,0.039760179817676544,0.039760179817676544
1752067120.0643735,3.1957969665527344,62,demo_1,0.0,0.0,0.0,0.0,0.0,0.0,0.0,0.5942936770986759,0.2908863642226256,0.08573887855477126,0.999182526706291,0.008355289953287433,-0.00567399780916781,-0.03908272724685625,0.07952035963535309,0.039760179817676544,0.039760179817676544
1752067120.1150734,3.2464969158172607,63,demo_1,0.0,0.0,0.0,0.0,0.0,0.0,0.0,0.5963008524977612,0.29095554650148714,0.08120373961425799,0.9991732600305234,0.008152951505498088,-0.005516654778443296,-0.039383736788687375,0.07952035963535309,0.039760179817676544,0.039760179817676544
1752067120.1655543,3.2969777584075928,64,demo_1,0.0,0.0,0.0,0.0,0.0,0.0,0.0,0.5979953949370613,0.29086406755890404,0.07693791864565115,0.9991692740568037,0.007174184012925981,-0.006078426189513826,-0.03959207058986483,0.07952035963535309,0.039760179817676544,0.039760179817676544
1752067120.2159357,3.3473591804504395,65,demo_1,0.0,0.0,0.0,0.0,0.0,0.0,0.0,0.5994721192606942,0.29093867442572585,0.07324465684941091,0.9991639151257122,0.006353338054905457,-0.006569181992234214,-0.03978866875997492,0.07952035963535309,0.039760179817676544,0.039760179817676544
1752067120.2665763,3.3979997634887695,66,demo_1,0.0,0.0,0.0,0.0,0.0,0.0,0.0,0.6010502920961354,0.291202176166156,0.07003875124754307,0.9991511462221087,0.005838969188641414,-0.00637325370706449,-0.04021767791404803,0.07952102273702621,0.03976051136851311,0.03976051136851311
1752067120.3172705,3.4486939907073975,67,demo_1,0.0,0.0,0.0,0.0,0.0,0.0,0.0,0.6022900115854337,0.2915056226710382,0.06699864716473246,0.999141194692984,0.005326439097672133,-0.006454115090482528,-0.040522007326327075,0.07952102273702621,0.03976051136851311,0.03976051136851311
1752067120.3682013,3.499624729156494,68,demo_1,0.0,0.0,0.0,0.0,0.0,0.0,0.0,0.60319867380646,0.2918908121780021,0.06418476048484956,0.9991413877543658,0.0051571515724387566,-0.006751613466069569,-0.0404906576069321,0.07952102273702621,0.03976051136851311,0.03976051136851311
1752067120.4190083,3.550431728363037,69,demo_1,0.0,0.0,0.0,0.0,0.0,0.0,0.0,0.603935853799623,0.29233815981183897,0.06143830548710215,0.9991379938178356,0.005227936356148715,-0.006980419589798053,-0.04052651359085423,0.07952102273702621,0.03976051136851311,0.03976051136851311
1752067120.4697456,3.6011691093444824,70,demo_1,0.0,0.0,0.0,0.0,0.0,0.0,0.0,0.6047886230186766,0.2927877010757959,0.05924542892455169,0.9991263400262667,0.005360229184574913,-0.00638735395274473,-0.04089269961599156,0.07952102273702621,0.03976051136851311,0.03976051136851311
1752067120.5204227,3.651846170425415,71,demo_1,0.0,0.0,0.0,0.0,0.0,0.0,0.0,0.605207611303975,0.2932327712353096,0.05709045348079454,0.9991192683708061,0.005552000276361246,-0.006208662631746963,-0.041067041833385,0.07952102273702621,0.03976051136851311,0.03976051136851311
1752067120.5710535,3.702476978302002,72,demo_1,0.0,0.0,0.0,0.0,0.0,0.0,0.0,0.6053484414220741,0.29358451391877166,0.05509110945032661,0.9991230326220956,0.005932076071599171,-0.006269333431691639,-0.04091281154221194,0.07952102273702621,0.03976051136851311,0.03976051136851311
1752067120.6218145,3.7532379627227783,73,demo_1,0.0,0.0,0.0,0.0,0.0,0.0,0.0,0.6057689329200872,0.29401357195215333,0.053355122204524055,0.9991294980234707,0.0066461198649384896,-0.005950193463124122,-0.040692222315996646,0.07952102273702621,0.03976051136851311,0.03976051136851311
1752067120.6723256,3.8037490844726562,74,demo_1,0.0,0.0,0.0,0.0,0.0,0.0,0.0,0.6062482596924202,0.2944949271000676,0.0518655891978618,0.9991373726904705,0.007385204175163294,-0.005651113361616777,-0.04041312422227861,0.07952102273702621,0.03976051136851311,0.03976051136851311
1752067120.723023,3.8544464111328125,75,demo_1,0.0,0.0,0.0,0.0,0.0,0.0,0.0,0.6065559873972424,0.294877524349804,0.050628129096588495,0.9991559369283787,0.007811426430297246,-0.005737646808873664,-0.03985801217987488,0.07952102273702621,0.03976051136851311,0.03976051136851311
1752067120.7739615,3.9053850173950195,76,demo_1,0.0,0.0,0.0,0.0,0.0,0.0,0.0,0.6067109828736611,0.29520568447982687,0.04964301712454687,0.9991688158330326,0.008071829680430022,-0.00579163718229242,-0.03947361598811586,0.07952102273702621,0.03976051136851311,0.03976051136851311
1752067120.8247507,3.95617413520813,77,demo_1,0.0,0.0,0.0,0.0,0.0,0.0,0.0,0.6068089767536978,0.29538972804471153,0.048892902003804986,0.9991805271169458,0.008241921288218072,-0.005863087830353584,-0.03912998261572758,0.07952102273702621,0.03976051136851311,0.03976051136851311
1752067120.8756275,4.00705099105835,78,demo_1,0.0,0.0,0.0,0.0,0.0,0.0,0.0,0.6069547206852157,0.2954606475393527,0.04834326169305833,0.9991912087321653,0.008299724100598975,-0.0058820051811992536,-0.03884110396585712,0.07952102273702621,0.03976051136851311,0.03976051136851311
1752067120.9262547,4.05767822265625,79,demo_1,0.0,0.0,0.0,0.0,0.0,0.0,0.0,0.6071076945826039,0.2954554065283144,0.047884977269744944,0.9991985256175068,0.008295245764768752,-0.005859244808868035,-0.038656835387358174,0.07952102273702621,0.03976051136851311,0.03976051136851311
1752067120.9766512,4.10807466506958,80,demo_1,0.0,0.0,0.0,0.0,0.0,0.0,0.0,0.6071077967827736,0.2954150659617044,0.04718501051058335,0.9992083348127365,0.008325778211555309,-0.006020019735382071,-0.038370962826968155,0.07952102273702621,0.03976051136851311,0.03976051136851311
1752067121.0277545,4.159178018569946,81,demo_1,0.0,0.0,0.0,0.0,0.0,0.0,0.0,0.607054767405625,0.2952695451986344,0.04652351692757335,0.9992267906117508,0.008417562638760262,-0.006247578707035612,-0.037830142529721215,0.07952102273702621,0.03976051136851311,0.03976051136851311
1752067121.078815,4.210238456726074,82,demo_1,0.0,0.0,0.0,0.0,0.0,0.0,0.0,0.6072380716487252,0.29517106164549584,0.04623846382488876,0.999246845655657,0.008499593705193634,-0.006139147168489662,-0.03729605314226055,0.05680035427212715,0.028400177136063576,0.028400177136063576
1752067121.1293151,4.2607386112213135,83,demo_1,0.0,0.0,0.0,0.0,0.0,0.0,0.0,0.607433785200879,0.2952037487251092,0.04581674444572098,0.9992552029914242,0.008559898867241067,-0.005913161459938944,-0.0370943162280442,0.05680035427212715,0.028400177136063576,0.028400177136063576
1752067121.180085,4.311508417129517,84,demo_1,0.0,0.0,0.0,0.0,0.0,0.0,0.0,0.6073705870668462,0.2952050888129428,0.04516862575582639,0.9992693586648319,0.008666497403122374,-0.0061033865957055575,-0.03665481780730015,0.05680035427212715,0.028400177136063576,0.028400177136063576
1752067121.2304635,4.361886978149414,85,demo_1,0.0,0.0,0.0,0.0,0.0,0.0,0.0,0.6074417290367772,0.2951948825526101,0.04465794639305283,0.9992843524604467,0.008751773017868893,-0.006224427053498137,-0.03620265511729802,0.037995390594005585,0.018997695297002792,0.018997695297002792
1752067121.2813356,4.412759065628052,86,demo_1,0.0,0.0,0.0,0.0,0.0,0.0,0.0,0.607819706237136,0.29534458814649217,0.044335147112003356,0.9992861803188288,0.008707731420439374,-0.006000193526739745,-0.03620068026434204,0.037995390594005585,0.018997695297002792,0.018997695297002792
1752067121.3319147,4.463338136672974,87,demo_1,0.0,0.0,0.0,0.0,0.0,0.0,0.0,0.6083822647534697,0.29551328204042804,0.044288588668171064,0.9992845581290788,0.008611282546236537,-0.005544815965720335,-0.03634087310841729,0.037995390594005585,0.018997695297002792,0.018997695297002792
1752067121.3824217,4.513845205307007,88,demo_1,0.0,0.0,0.0,0.0,0.0,0.0,0.0,0.6091266473208333,0.29567923079298053,0.04460737120927345,0.9992852156736103,0.008484829400814157,-0.0049281853990097635,-0.03644125066424511,0.037995390594005585,0.018997695297002792,0.018997695297002792
1752067121.4328814,4.564304828643799,89,demo_1,0.0,0.0,0.0,0.0,0.0,0.0,0.0,0.6103998358239574,0.2959003905905308,0.04569917855544582,0.9992847281311347,0.008296348573819097,-0.0037079179517710715,-0.03664205833534461,0.021180782467126846,0.010590391233563423,0.010590391233563423
1752067121.483348,4.614771366119385,90,demo_1,0.0,0.0,0.0,0.0,0.0,0.0,0.0,0.6123484136306592,0.29616761112592965,0.04775464272169394,0.9992761962279807,0.007960454494457534,-0.0016685788077419256,-0.03709605178209563,0.021180782467126846,0.010590391233563423,0.010590391233563423
1752067121.5339813,4.665404796600342,91,demo_1,0.0,0.0,0.0,0.0,0.0,0.0,0.0,0.6147671939618907,0.29635161800531334,0.050823178583708106,0.9992565263875964,0.007544468944535229,0.00120421048931374,-0.03772547898959303,0.021180782467126846,0.010590391233563423,0.010590391233563423
1752067121.5847547,4.7161781787872314,92,demo_1,0.0,0.0,0.0,0.0,0.0,0.0,0.0,0.6174493375032392,0.2962316357110337,0.0551525032574057,0.9992353788040723,0.007115413497791054,0.004660727768682226,-0.03809846075330212,0.006646123249083757,0.0033230616245418787,0.0033230616245418787
1752067121.6352744,4.766697883605957,93,demo_1,0.0,0.0,0.0,0.0,0.0,0.0,0.0,0.6201024738283621,0.2957174602988143,0.060496371781310176,0.9992220992093361,0.0067284960486629726,0.008255408809510438,-0.037907235481915325,0.006646123249083757,0.0033230616245418787,0.0033230616245418787
1752067121.6861587,4.817582130432129,94,demo_1,0.0,0.0,0.0,0.0,0.0,0.0,0.0,0.6228186971359794,0.2945390351100115,0.06739115473879148,0.9992213534499046,0.006261514174078172,0.012200047955081294,-0.03693000938273173,0.006646123249083757,0.0033230616245418787,0.0033230616245418787
1752067121.736972,4.868395566940308,95,demo_1,0.0,0.0,0.0,0.0,0.0,0.0,0.0,0.6256538342564402,0.2928903301642335,0.0757212465709332,0.9992188113920636,0.00550462211345466,0.016592975523564216,-0.03537408394506187,0.0014453233452513814,0.0007226616726256907,0.0007226616726256907
1752067121.7879727,4.919396162033081,96,demo_1,0.0,0.0,0.0,0.0,0.0,0.0,0.0,0.6275313306101654,0.2905882466275139,0.08451330101291271,0.9992618740467538,0.005258398319966423,0.019836868733409698,-0.03239971498913193,0.0014453233452513814,0.0007226616726256907,0.0007226616726256907
1752067121.838683,4.970106363296509,97,demo_1,0.0,0.0,0.0,0.0,0.0,0.0,0.0,0.6287127489200715,0.2877221733374884,0.09399844385756972,0.999322719132051,0.005109643265889271,0.02257144060219939,-0.028525623878473363,0.0014453233452513814,0.0007226616726256907,0.0007226616726256907
1752067121.8897672,5.021190643310547,98,demo_1,0.0,0.0,0.0,0.0,0.0,0.0,0.0,0.6296649441004768,0.2846905998495292,0.10414708834285216,0.99937245274684,0.005009717406508754,0.025285829436526203,-0.024195388675534123,0.0014453233452513814,0.0007226616726256907,0.0007226616726256907
1752067121.9402192,5.071642637252808,99,demo_1,0.0,0.0,0.0,0.0,0.0,0.0,0.0,0.6299414260637624,0.28142767630411714,0.11496908465579748,0.9994208072010863,0.004999681160413613,0.027557481176984342,-0.019204820610476684,0.0003427799965720624,0.0001713899982860312,0.0001713899982860312
1752067121.9909449,5.122368335723877,100,demo_1,0.0,0.0,0.0,0.0,0.0,0.0,0.0,0.6292078358821979,0.2781683152122073,0.1261395769206305,0.9994591839736798,0.005232355427170156,0.029271057859291967,-0.013869166137962248,0.0003427799965720624,0.0001713899982860312,0.0001713899982860312
1752067122.0418684,5.173291921615601,101,demo_1,0.0,0.0,0.0,0.0,0.0,0.0,0.0,0.6271855025453485,0.27496018939008765,0.13689925130803135,0.9994888122383302,0.005771696175669138,0.030265732246123025,-0.008244618056655242,0.0003427799965720624,0.0001713899982860312,0.0001713899982860312
1752067122.093014,5.224437475204468,102,demo_1,0.0,0.0,0.0,0.0,0.0,0.0,0.0,0.6239952423468484,0.2717637274978936,0.14735761582211626,0.999511525050129,0.006160386717900408,0.03047500524419968,-0.0022850606350342077,0.0003427799965720624,0.0001713899982860312,0.0001713899982860312
1752067122.1438005,5.275223970413208,103,demo_1,0.0,0.0,0.0,0.0,0.0,0.0,0.0,0.6196468981828313,0.2688599509738864,0.15712806771106913,0.999509187289918,0.0060330321550735085,0.030458196436693775,0.003531549611241658,0.00021210333216004074,0.00010605166608002037,0.00010605166608002037
1752067122.194388,5.325811386108398,104,demo_1,0.0,0.0,0.0,0.0,0.0,0.0,0.0,0.6142003398118733,0.2660897316088534,0.166148862951715,0.9994943668572508,0.005315995475107332,0.0298299450182323,0.009386786399741245,0.00021210333216004074,0.00010605166608002037,0.00010605166608002037
1752067122.2449126,5.376336097717285,105,demo_1,0.0,0.0,0.0,0.0,0.0,0.0,0.0,0.6074224445103463,0.2634887314663262,0.17448817506050363,0.9994548632490244,0.003831925091401052,0.028880942661937498,0.015374344223593343,0.00021210333216004074,0.00010605166608002037,0.00010605166608002037
1752067122.2953918,5.4268152713775635,106,demo_1,0.0,0.0,0.0,0.0,0.0,0.0,0.0,0.5997619469381579,0.2612366863085781,0.1817302082519734,0.9993831707074595,0.0014889168132110869,0.028118722771526,0.020870681698899378,0.00021210333216004074,0.00010605166608002037,0.00010605166608002037
1752067122.3458695,5.477293014526367,107,demo_1,0.0,0.0,0.0,0.0,0.0,0.0,0.0,0.5909949598772555,0.25902155047046627,0.1883381435054538,0.9992774371470291,-0.0014530059331772497,0.027208037515767183,0.02640836551400936,0.00021210333216004074,0.00010605166608002037,0.00010605166608002037
1752067122.3967927,5.528216123580933,108,demo_1,0.0,0.0,0.0,0.0,0.0,0.0,0.0,0.581525482841863,0.2569246909200574,0.1941508742064446,0.9991399626974865,-0.004533523027084796,0.026393420193773928,0.03158094494057234,0.00021210333216004074,0.00010605166608002037,0.00010605166608002037
1752067122.447703,5.579126358032227,109,demo_1,0.0,0.0,0.0,0.0,0.0,0.0,0.0,0.5712508445991487,0.25482125141934947,0.19904613804711013,0.9989990074487324,-0.007663473807420821,0.02492357196247034,0.03628024621152366,0.00021210333216004074,0.00010605166608002037,0.00010605166608002037
1752067122.4989216,5.630345106124878,110,demo_1,0.0,0.0,0.0,0.0,0.0,0.0,0.0,0.5605120339406284,0.25267044725658344,0.20338461995155013,0.9988531528764798,-0.010814823218658086,0.023292265862204526,0.04034941234196697,0.00021210333216004074,0.00010605166608002037,0.00010605166608002037
1752067122.549803,5.681226491928101,111,demo_1,0.0,0.0,0.0,0.0,0.0,0.0,0.0,0.5497995293554107,0.2504091590425335,0.20711933664808052,0.998706140006225,-0.013160474093396735,0.021916662864032238,0.04390550752152431,0.00021210333216004074,0.00010605166608002037,0.00010605166608002037
1752067122.6002963,5.731719732284546,112,demo_1,0.0,0.0,0.0,0.0,0.0,0.0,0.0,0.5390680264945972,0.24811349836158889,0.2099974135730312,0.9985566057401755,-0.01405526479844563,0.020501332423893934,0.047560863968812796,0.00021210333216004074,0.00010605166608002037,0.00010605166608002037
1752067122.6510386,5.782462120056152,113,demo_1,0.0,0.0,0.0,0.0,0.0,0.0,0.0,0.5281304174323457,0.24563163340264574,0.21233137238453162,0.998434065534996,-0.014986278778287676,0.018575769730734173,0.050546558975594395,0.00021210333216004074,0.00010605166608002037,0.00010605166608002037
1752067122.7014632,5.832886695861816,114,demo_1,0.0,0.0,0.0,0.0,0.0,0.0,0.0,0.5179443482769738,0.2430208824019818,0.21421012791139382,0.9983307951110739,-0.01532149265927028,0.01658930747953177,0.05311172979076203,0.00021210333216004074,0.00010605166608002037,0.00010605166608002037
1752067122.751897,5.883320569992065,115,demo_1,0.0,0.0,0.0,0.0,0.0,0.0,0.0,0.507786122271832,0.24033771670595083,0.21544385851477832,0.9982316696996801,-0.016102914305280037,0.01406722381047893,0.05542137153956917,0.00021210333216004074,0.00010605166608002037,0.00010605166608002037
1752067122.8025532,5.933976650238037,116,demo_1,0.0,0.0,0.0,0.0,0.0,0.0,0.0,0.49837988974917385,0.23756561569833046,0.2160482935101764,0.9981228184357577,-0.017000715913790307,0.011572825955232546,0.05764607516056561,0.00021210333216004074,0.00010605166608002037,0.00010605166608002037
1752067122.8536603,5.985083818435669,117,demo_1,0.0,0.0,0.0,0.0,0.0,0.0,0.0,0.4891759112588421,0.2347984651467774,0.2158717042943668,0.9980009362710921,-0.017665958386934726,0.008890831981581469,0.059984859897389914,0.00021210333216004074,0.00010605166608002037,0.00010605166608002037
1752067122.904141,6.035564422607422,118,demo_1,0.0,0.0,0.0,0.0,0.0,0.0,0.0,0.48103549733731676,0.23228394753542486,0.21505356895206937,0.997904648567452,-0.018798946189702057,0.006117064622503594,0.06156848628953665,0.00021210333216004074,0.00010605166608002037,0.00010605166608002037
1752067122.954563,6.085986375808716,119,demo_1,0.0,0.0,0.0,0.0,0.0,0.0,0.0,0.47370068709339647,0.22974778625011263,0.2133442918563338,0.9977926227076651,-0.01930123194473344,0.0035253791891867044,0.0634042673500451,0.00021210333216004074,0.00010605166608002037,0.00010605166608002037
1752067123.005149,6.136572360992432,120,demo_1,0.0,0.0,0.0,0.0,0.0,0.0,0.0,0.4668120624603855,0.22738500126416486,0.2108139134531849,0.9977064782909493,-0.01993897920124374,0.0008408512484746629,0.06464284982571768,0.00021210333216004074,0.00010605166608002037,0.00010605166608002037
1752067123.056338,6.187761545181274,121,demo_1,0.0,0.0,0.0,0.0,0.0,0.0,0.0,0.4606104149215338,0.22509487310115195,0.20736457796592028,0.9976544877354683,-0.02085562845658441,-0.0018500950564776142,0.06513315292485854,0.00021210333216004074,0.00010605166608002037,0.00010605166608002037
1752067123.1070428,6.238466262817383,122,demo_1,0.0,0.0,0.0,0.0,0.0,0.0,0.0,0.45495255060523104,0.22286716110030258,0.2031547158407534,0.9976083050985949,-0.020992750324916598,-0.004085889141356998,0.06569219217510462,0.00021210333216004074,0.00010605166608002037,0.00010605166608002037
1752067123.157878,6.28930139541626,123,demo_1,0.0,0.0,0.0,0.0,0.0,0.0,0.0,0.44980623099365646,0.22086205654806843,0.19821790986672821,0.9975902236144617,-0.02028703816836261,-0.005702184862144668,0.06606702377559148,0.00021210333216004074,0.00010605166608002037,0.00010605166608002037
1752067123.2088091,6.340232610702515,124,demo_1,0.0,0.0,0.0,0.0,0.0,0.0,0.0,0.4451462064170885,0.2191499667608761,0.1929672064251388,0.9976105530555747,-0.019261764126540012,-0.006847120767782418,0.06595809821263598,0.00021210333216004074,0.00010605166608002037,0.00010605166608002037
1752067123.259328,6.390751361846924,125,demo_1,0.0,0.0,0.0,0.0,0.0,0.0,0.0,0.44094070961556014,0.2177745680589969,0.1874079546589039,0.9976769686511628,-0.018221415456096197,-0.007700751142421831,0.06515005579590981,0.00021210333216004074,0.00010605166608002037,0.00010605166608002037
1752067123.3097394,6.441162824630737,126,demo_1,0.0,0.0,0.0,0.0,0.0,0.0,0.0,0.43673481914055085,0.21642166503592103,0.18149987790317101,0.9977562887176887,-0.017225623766716054,-0.008681261815631605,0.06407407565408202,0.00021210333216004074,0.00010605166608002037,0.00010605166608002037
1752067123.3608778,6.4923012256622314,127,demo_1,0.0,0.0,0.0,0.0,0.0,0.0,0.0,0.43271667047242596,0.21514500235392658,0.17584349543173342,0.9978506508297409,-0.01631506530084077,-0.00933681275258012,0.0627368043966839,0.00021210333216004074,0.00010605166608002037,0.00010605166608002037
1752067123.41221,6.543633460998535,128,demo_1,0.0,0.0,0.0,0.0,0.0,0.0,0.0,0.4289850437116633,0.21398504027959322,0.17029725990935685,0.9979645250648409,-0.015514491103386376,-0.009730637689164792,0.06104594586793871,0.00021210333216004074,0.00010605166608002037,0.00010605166608002037
1752067123.4635007,6.594924211502075,129,demo_1,0.0,0.0,0.0,0.0,0.0,0.0,0.0,0.42522486599074577,0.2128070414356979,0.1644229796018904,0.998080058592489,-0.014803240395260169,-0.010399024079889232,0.059195495228103905,0.00021144666243344545,0.00010572333121672273,0.00010572333121672273
1752067123.5145178,6.645941257476807,130,demo_1,0.0,0.0,0.0,0.0,0.0,0.0,0.0,0.42217354431811605,0.2117657258174759,0.15918392668958525,0.9981894733528885,-0.014128857573709316,-0.01109154234302458,0.05736125955194684,0.00021144666243344545,0.00010572333121672273,0.00010572333121672273
1752067123.5651505,6.696573972702026,131,demo_1,0.0,0.0,0.0,0.0,0.0,0.0,0.0,0.41942846574857007,0.21068287182220863,0.15404103187833149,0.9982900914704481,-0.01341566216373556,-0.012045953302405337,0.05556072464008811,0.00021144666243344545,0.00010572333121672273,0.00010572333121672273
1752067123.6163278,6.747751235961914,132,demo_1,0.0,0.0,0.0,0.0,0.0,0.0,0.0,0.4171958054384048,0.20968954707536516,0.1493024932554533,0.9983887828176188,-0.0126400939808581,-0.012966219773522178,0.05373201507025099,0.00021210333216004074,0.00010605166608002037,0.00010605166608002037
1752067123.6668382,6.798261642456055,133,demo_1,0.0,0.0,0.0,0.0,0.0,0.0,0.0,0.4152943058112165,0.20872463895765545,0.14474860772541215,0.9984696528327486,-0.011377193610099999,-0.014365270755540773,0.05213191835059096,0.00021210333216004074,0.00010605166608002037,0.00010605166608002037
1752067123.7181,6.849523544311523,134,demo_1,0.0,0.0,0.0,0.0,0.0,0.0,0.0,0.4136782935477322,0.20780244366930944,0.14037514606597706,0.9985280885389551,-0.010432775257719257,-0.01602801333049859,0.05070604071048164,0.00021210333216004074,0.00010605166608002037,0.00010605166608002037
1752067123.7686756,6.900099039077759,135,demo_1,0.0,0.0,0.0,0.0,0.0,0.0,0.0,0.41241489223439826,0.20707890978205012,0.13631172178447765,0.9985757333222913,-0.009887864966205433,-0.0176860074587127,0.049306453093092964,0.00021210333216004074,0.00010605166608002037,0.00010605166608002037
1752067123.819784,6.951207399368286,136,demo_1,0.0,0.0,0.0,0.0,0.0,0.0,0.0,0.4112463576434607,0.20641734315299703,0.13238545993708117,0.9986086409264638,-0.008454232804860122,-0.019684389977610618,0.048135427317502165,0.00021210333216004074,0.00010605166608002037,0.00010605166608002037
1752067123.8710246,7.002448081970215,137,demo_1,0.0,0.0,0.0,0.0,0.0,0.0,0.0,0.41031126999981693,0.20599495242440624,0.12857661021325895,0.998649839110416,-0.006177091387486111,-0.021603541466845212,0.04678478279098004,0.00021210333216004074,0.00010605166608002037,0.00010605166608002037
1752067123.9218895,7.0533130168914795,138,demo_1,0.0,0.0,0.0,0.0,0.0,0.0,0.0,0.40956902602008727,0.20578008746963997,0.12498849875149655,0.9986778908177748,-0.004020808790659329,-0.023522249067419725,0.045477400006502404,0.00021210333216004074,0.00010605166608002037,0.00010605166608002037
1752067123.972315,7.10373854637146,139,demo_1,0.0,0.0,0.0,0.0,0.0,0.0,0.0,0.40902483846156734,0.20576045595213294,0.12172872306781692,0.9987038460614192,-0.0019803023262507983,-0.02518047372055606,0.04413430288611853,0.00021144666243344545,0.00010572333121672273,0.00010572333121672273
1752067124.0235097,7.154933214187622,140,demo_1,0.0,0.0,0.0,0.0,0.0,0.0,0.0,0.4085827785521903,0.2058400499287075,0.1184068077033019,0.998734548113923,-7.26943197243945e-05,-0.02666981944989147,0.0425817396524941,0.00021144666243344545,0.00010572333121672273,0.00010572333121672273
1752067124.074311,7.205734491348267,141,demo_1,0.0,0.0,0.0,0.0,0.0,0.0,0.0,0.40818744765690723,0.20586259944955887,0.11537448474766858,0.9987445085110511,0.001366877141691233,-0.02821768498271052,0.04130965157482554,0.00021144666243344545,0.00010572333121672273,0.00010572333121672273
1752067124.124794,7.2562174797058105,142,demo_1,0.0,0.0,0.0,0.0,0.0,0.0,0.0,0.4078558554060803,0.20581214156564898,0.11259923931052633,0.9987488875514523,0.0016650411520763415,-0.0296188901732764,0.040196956182756066,0.00021144666243344545,0.00010572333121672273,0.00010572333121672273
1752067124.1759398,7.307363271713257,143,demo_1,0.0,0.0,0.0,0.0,0.0,0.0,0.0,0.40761889908786275,0.2057687056431349,0.10993464680529405,0.9987629396495954,0.0011653076245405694,-0.030736838574079547,0.03900853612597751,0.00021210333216004074,0.00010605166608002037,0.00010605166608002037
1752067124.2270918,7.35851526260376,144,demo_1,0.0,0.0,0.0,0.0,0.0,0.0,0.0,0.40736649995373675,0.20557047480205135,0.10742737491912953,0.9987619601084011,0.0005634240033374281,-0.031955531200533224,0.03805601555748247,0.00021210333216004074,0.00010605166608002037,0.00010605166608002037
1752067124.2781339,7.409557342529297,145,demo_1,0.0,0.0,0.0,0.0,0.0,0.0,0.0,0.4071142823453783,0.20535723254861185,0.10514122601001384,0.9987569412155367,-3.1000149836925386e-06,-0.033085933034254215,0.0372166642992359,0.00021210333216004074,0.00010605166608002037,0.00010605166608002037
1752067124.3286023,7.460025787353516,146,demo_1,0.0,0.0,0.0,0.0,0.0,0.0,0.0,0.4068567985210451,0.20519427536246268,0.10315024853055044,0.9987495655231908,-0.0004638466861638724,-0.03408745511693427,0.03650099064732506,0.00021210333216004074,0.00010605166608002037,0.00010605166608002037
1752067124.3791366,7.510560035705566,147,demo_1,0.0,0.0,0.0,0.0,0.0,0.0,0.0,0.40662564122966166,0.20510098945563268,0.10132980576802705,0.9987449784481267,-0.000851633266009761,-0.034954977441656335,0.03579216389265749,0.00021210333216004074,0.00010605166608002037,0.00010605166608002037
1752067124.4295647,7.560988187789917,148,demo_1,0.0,0.0,0.0,0.0,0.0,0.0,0.0,0.40640140016321685,0.2050557119112841,0.09962127682320868,0.9987432158546663,-0.0012012668376065363,-0.03573329922531081,0.035055153171962256,0.00021210333216004074,0.00010605166608002037,0.00010605166608002037
1752067124.4802992,7.611722707748413,149,demo_1,0.0,0.0,0.0,0.0,0.0,0.0,0.0,0.4061286941596857,0.20490332127655583,0.098158520922728,0.998726174990122,-0.001540346950422088,-0.0366187511668576,0.034610814415973405,0.00021210333216004074,0.00010605166608002037,0.00010605166608002037
1752067124.5315113,7.66293478012085,150,demo_1,0.0,0.0,0.0,0.0,0.0,0.0,0.0,0.40580747022896757,0.2047572118284461,0.0969685888646662,0.9987002026253134,-0.0017808941454937435,-0.03752654659779825,0.03437555351513884,0.013112976215779781,0.006556488107889891,0.006556488107889891
1752067124.5830045,7.714427947998047,151,demo_1,0.0,0.0,0.0,0.0,0.0,0.0,0.0,0.40548570516081145,0.20463381733998728,0.09590039766906007,0.9986732352884053,-0.0019737314766431076,-0.03838966245169675,0.03419494118763466,0.013112976215779781,0.006556488107889891,0.006556488107889891
1752067124.63427,7.765693426132202,152,demo_1,0.0,0.0,0.0,0.0,0.0,0.0,0.0,0.40518410387134113,0.20453550334208387,0.0950072329360278,0.9986471854342451,-0.0020966313264182508,-0.03914537777410293,0.03409148341129009,0.013112976215779781,0.006556488107889891,0.006556488107889891
1752067124.685374,7.816797494888306,153,demo_1,0.0,0.0,0.0,0.0,0.0,0.0,0.0,0.40487300577919133,0.2044612992272506,0.09426273438119334,0.998619817630109,-0.0018341719971410677,-0.03987313092668254,0.0340648758326363,0.013112976215779781,0.006556488107889891,0.006556488107889891
1752067124.73596,7.8673834800720215,154,demo_1,0.0,0.0,0.0,0.0,0.0,0.0,0.0,0.40459141480097005,0.2044282869180884,0.09369539238448972,0.9985965304019425,-0.0007156641666404868,-0.040503687748204543,0.03404548828348638,0.013112976215779781,0.006556488107889891,0.006556488107889891
1752067124.7867515,7.918174982070923,155,demo_1,0.0,0.0,0.0,0.0,0.0,0.0,0.0,0.4043735785357404,0.2044173179987971,0.09327755208301514,0.9985780166368395,0.0006164332544625319,-0.040987286920286005,0.03401167021615829,0.05439038574695587,0.027195192873477936,0.027195192873477936
1752067124.837686,7.969109535217285,156,demo_1,0.0,0.0,0.0,0.0,0.0,0.0,0.0,0.404333089966655,0.2044764959649326,0.0931304454397251,0.9985787212084768,0.0013125571074489174,-0.04105241685538561,0.033892484530243495,0.05439038574695587,0.027195192873477936,0.027195192873477936
1752067124.8884063,8.019829750061035,157,demo_1,0.0,0.0,0.0,0.0,0.0,0.0,0.0,0.4045860884001118,0.2047027583023082,0.09326159359608792,0.9986152560554411,0.001479723414838395,-0.040481209360796494,0.03349386768043694,0.05439038574695587,0.027195192873477936,0.027195192873477936
1752067124.939657,8.071080446243286,158,demo_1,0.0,0.0,0.0,0.0,0.0,0.0,0.0,0.40539049078896605,0.2051400047240955,0.09379351884428108,0.9987021990384968,0.0014816095855653543,-0.039002880849897274,0.032644822647030974,0.0723029375076294,0.0361514687538147,0.0361514687538147
1752067124.9907243,8.122147798538208,159,demo_1,0.0,0.0,0.0,0.0,0.0,0.0,0.0,0.4068591084296419,0.20574814347412843,0.09508497731423864,0.9988303611234278,0.0014116176052883797,-0.0365471577783433,0.03155010276725888,0.0723029375076294,0.0361514687538147,0.0361514687538147
1752067125.0420346,8.173458099365234,160,demo_1,0.0,0.0,0.0,0.0,0.0,0.0,0.0,0.4092459137975254,0.20643161268418764,0.09752042426504794,0.9989939631136324,0.0011458060213680834,-0.032929542295540085,0.030341073334478604,0.0723029375076294,0.0361514687538147,0.0361514687538147
1752067125.0929852,8.224408626556396,161,demo_1,0.0,0.0,0.0,0.0,0.0,0.0,0.0,0.41250211517808805,0.20678928410905817,0.10118517878740048,0.9991713198234227,0.00038360149366006835,-0.028245380611798605,0.029221767019350683,0.07775064557790756,0.03887532278895378,0.03887532278895378
1752067125.143828,8.275251388549805,162,demo_1,0.0,0.0,0.0,0.0,0.0,0.0,0.0,0.41673191822786537,0.20653019726744393,0.1062561496626155,0.9993564744526057,-0.0011288023034274222,-0.022119882812117787,0.02812934864851432,0.07775064557790756,0.03887532278895378,0.03887532278895378
1752067125.1950865,8.326509952545166,163,demo_1,0.0,0.0,0.0,0.0,0.0,0.0,0.0,0.4217888577658057,0.2052363378824916,0.1127861732451571,0.9995163639949439,-0.003736571175204895,-0.01454794301410042,0.027140746693920484,0.07775064557790756,0.03887532278895378,0.03887532278895378
1752067125.2463923,8.37781572341919,164,demo_1,0.0,0.0,0.0,0.0,0.0,0.0,0.0,0.4272999899677548,0.20251960251694348,0.12049210714380755,0.9995975337964474,-0.0076070397418127765,-0.006083103382640203,0.026553448948109546,0.07911913841962814,0.03955956920981407,0.03955956920981407
1752067125.2971356,8.428559064865112,165,demo_1,0.0,0.0,0.0,0.0,0.0,0.0,0.0,0.4329508893861525,0.1981044329237024,0.1293059247398586,0.9995531267039042,-0.012846617765876676,0.002710385015165939,0.026764734793200476,0.07911913841962814,0.03955956920981407,0.03955956920981407
1752067125.3479822,8.479405641555786,166,demo_1,0.0,0.0,0.0,0.0,0.0,0.0,0.0,0.43858457618165614,0.1917883215223949,0.13895843238461436,0.9993485588418086,-0.019607487718640678,0.011189694771359388,0.02807098050139907,0.07911913841962814,0.03955956920981407,0.03955956920981407
1752067125.3991299,8.530553340911865,167,demo_1,0.0,0.0,0.0,0.0,0.0,0.0,0.0,0.44392879040033256,0.1835608537607226,0.14908410890886425,0.9990027461351444,-0.02650410016795114,0.019074285730058555,0.03037105244793578,0.07911913841962814,0.03955956920981407,0.03955956920981407
1752067125.450408,8.581831455230713,168,demo_1,0.0,0.0,0.0,0.0,0.0,0.0,0.0,0.4486462303430814,0.17327174276226673,0.1594422556952899,0.9985634194993342,-0.03251319966147152,0.02593531932339514,0.033712459068507776,0.07911913841962814,0.03955956920981407,0.03955956920981407
1752067125.5015783,8.633001804351807,169,demo_1,0.0,0.0,0.0,0.0,0.0,0.0,0.0,0.4527888284240658,0.16097103630805504,0.17015844504732563,0.9980487076265376,-0.03808430554863528,0.03191282164766676,0.037750687197183594,0.07947899401187897,0.039739497005939484,0.039739497005939484
1752067125.552213,8.68363642692566,170,demo_1,0.0,0.0,0.0,0.0,0.0,0.0,0.0,0.45619945886153096,0.1475157623933368,0.18046093287011222,0.9975110160466742,-0.04312940726166494,0.036604255731819337,0.04203490526963157,0.07947899401187897,0.039739497005939484,0.039739497005939484
1752067125.6033947,8.73481822013855,171,demo_1,0.0,0.0,0.0,0.0,0.0,0.0,0.0,0.45899759543758734,0.13225718218209342,0.19061825848102337,0.9969048169890325,-0.04878834909572416,0.040492118957815015,0.04643324598388834,0.07947899401187897,0.039739497005939484,0.039739497005939484
1752067125.6540806,8.78550410270691,172,demo_1,0.0,0.0,0.0,0.0,0.0,0.0,0.0,0.46108507348624617,0.1160182571997673,0.20035357037852886,0.9963180536975826,-0.053769223989644635,0.04333270025231766,0.05076077422390821,0.07951248437166214,0.03975624218583107,0.03975624218583107
1752067125.7051733,8.836596727371216,173,demo_1,0.0,0.0,0.0,0.0,0.0,0.0,0.0,0.46260680619882333,0.09865500379283176,0.2095535959252928,0.9957402902950517,-0.05869551691433737,0.04530053354436109,0.054764424722199,0.07951248437166214,0.03975624218583107,0.03975624218583107
1752067125.756112,8.887535572052002,174,demo_1,0.0,0.0,0.0,0.0,0.0,0.0,0.0,0.4634495557463659,0.08060925194118587,0.21809350090078522,0.9952761132262228,-0.06210799286065586,0.04646561321209901,0.05834526897269736,0.07951248437166214,0.03975624218583107,0.03975624218583107
1752067125.8069427,8.938366174697876,175,demo_1,0.0,0.0,0.0,0.0,0.0,0.0,0.0,0.4637231447266365,0.06189056859538963,0.22584599624834112,0.9949482238767958,-0.06399044443044914,0.04713054057049347,0.06129546282995867,0.07951248437166214,0.03975624218583107,0.03975624218583107
1752067125.8578846,8.98930811882019,176,demo_1,0.0,0.0,0.0,0.0,0.0,0.0,0.0,0.4634056903305918,0.04294706413364661,0.23261124289412968,0.9947745501555567,-0.06426403105225217,0.04744537040028619,0.06354393848104285,0.07951970398426056,0.03975985199213028,0.03975985199213028
1752067125.9089715,9.040395021438599,177,demo_1,0.0,0.0,0.0,0.0,0.0,0.0,0.0,0.4625592401216626,0.023712031772646597,0.23847288637871358,0.9947568314051656,-0.06302748418917418,0.04716877821807862,0.06524305595423988,0.07951970398426056,0.03975985199213028,0.03975985199213028
1752067125.9596639,9.091087341308594,178,demo_1,0.0,0.0,0.0,0.0,0.0,0.0,0.0,0.46125319023846234,0.004782372088873495,0.24332018794708504,0.9948480525031075,-0.06091239377091083,0.046492040331150446,0.06633770842773774,0.07951970398426056,0.03975985199213028,0.03975985199213028
1752067126.0107465,9.142169952392578,179,demo_1,0.0,0.0,0.0,0.0,0.0,0.0,0.0,0.4594167106823014,-0.014238970356282866,0.2470173384877792,0.9950708639862252,-0.057211640306027454,0.04575964588410227,0.06679842407271915,0.07951970398426056,0.03975985199213028,0.03975985199213028
1752067126.0617967,9.193220138549805,180,demo_1,0.0,0.0,0.0,0.0,0.0,0.0,0.0,0.45701418493971235,-0.03304125885373851,0.24954642282968154,0.9953926090067361,-0.05243830638430588,0.04469123361208187,0.06664566707827184,0.07951904833316803,0.039759524166584015,0.039759524166584015
1752067126.1123276,9.243751049041748,181,demo_1,0.0,0.0,0.0,0.0,0.0,0.0,0.0,0.45409999830677483,-0.05116427910534084,0.2509005726485998,0.9957797109021117,-0.04673757253895216,0.043015848728677905,0.06620558530536348,0.07951904833316803,0.039759524166584015,0.039759524166584015
1752067126.163023,9.294446468353271,182,demo_1,0.0,0.0,0.0,0.0,0.0,0.0,0.0,0.4509542058779579,-0.06834024927408817,0.2512118653462614,0.9962076243526385,-0.040587666202384645,0.040511794728208116,0.06539865238824304,0.07951904833316803,0.039759524166584015,0.039759524166584015
1752067126.2137432,9.345166683197021,183,demo_1,0.0,0.0,0.0,0.0,0.0,0.0,0.0,0.44765397002103297,-0.08433039991039937,0.2504770869423561,0.996617671958927,-0.03500667142803425,0.03726593342907087,0.06429758832041164,0.07951904833316803,0.039759524166584015,0.039759524166584015
1752067126.2646546,9.396078109741211,184,demo_1,0.0,0.0,0.0,0.0,0.0,0.0,0.0,0.44405260302755867,-0.09964223990404081,0.24899936882684023,0.997014057002091,-0.029691948036766464,0.03350641075963751,0.06287973626867217,0.07951904833316803,0.039759524166584015,0.039759524166584015
1752067126.3152895,9.446712970733643,185,demo_1,0.0,0.0,0.0,0.0,0.0,0.0,0.0,0.44045139956176416,-0.11310072427536746,0.24696840912891618,0.9973642222516441,-0.02528530213816394,0.029700259133731442,0.06114196499959282,0.07951970398426056,0.03975985199213028,0.03975985199213028
1752067126.366491,9.497914552688599,186,demo_1,0.0,0.0,0.0,0.0,0.0,0.0,0.0,0.4367624328223071,-0.12558039696614698,0.24423844951621235,0.9976943579079682,-0.021627134137623957,0.025872589097836317,0.05885600089491763,0.07951970398426056,0.03975985199213028,0.03975985199213028
1752067126.4176939,9.54911732673645,187,demo_1,0.0,0.0,0.0,0.0,0.0,0.0,0.0,0.43320029224074297,-0.13666546075578334,0.24075450672951126,0.998021644027449,-0.018174505762853958,0.022131800557024052,0.05592721969713631,0.07951970398426056,0.03975985199213028,0.03975985199213028
1752067126.4685209,9.599944353103638,188,demo_1,0.0,0.0,0.0,0.0,0.0,0.0,0.0,0.4298253882190704,-0.1465341252986228,0.23661813956531297,0.9983453692435201,-0.015377659785670506,0.018465874278834338,0.05219433242023832,0.07951970398426056,0.03975985199213028,0.03975985199213028
1752067126.519601,9.651024580001831,189,demo_1,0.0,0.0,0.0,0.0,0.0,0.0,0.0,0.42673649098462196,-0.15548225954166986,0.23180109775149424,0.9986259248498345,-0.011843050709522452,0.014879412037580565,0.04878312710650334,0.07951970398426056,0.03975985199213028,0.03975985199213028
1752067126.5704854,9.701908826828003,190,demo_1,0.0,0.0,0.0,0.0,0.0,0.0,0.0,0.424016403292697,-0.16333316891696323,0.22634501476875843,0.9988532560402588,-0.009130915507970428,0.011644605538821115,0.04547954201081145,0.07951970398426056,0.03975985199213028,0.03975985199213028
1752067126.6210916,9.752515077590942,191,demo_1,0.0,0.0,0.0,0.0,0.0,0.0,0.0,0.42165347270033504,-0.17006065325551134,0.220221460983687,0.9990496762347083,-0.007217140505341878,0.00862899026477937,0.042052161373776285,0.07951970398426056,0.03975985199213028,0.03975985199213028
1752067126.6720686,9.803492069244385,192,demo_1,0.0,0.0,0.0,0.0,0.0,0.0,0.0,0.41957314578332694,-0.17600450803476628,0.21362174936935321,0.9991903153329228,-0.004984524327418027,0.00559063736929242,0.03946897032201278,0.07951970398426056,0.03975985199213028,0.03975985199213028
1752067126.7227256,9.854149103164673,193,demo_1,0.0,0.0,0.0,0.0,0.0,0.0,0.0,0.4178068705519202,-0.18082220829163195,0.20654471840370614,0.9993009643718431,-0.0038125526108625544,0.002536564210778214,0.037037812059709165,0.07951970398426056,0.03975985199213028,0.03975985199213028
1752067126.7732484,9.904671907424927,194,demo_1,0.0,0.0,0.0,0.0,0.0,0.0,0.0,0.4161732616204258,-0.1849568266212679,0.1990098240281986,0.9994033768935122,-0.00401914885244516,-0.0004880569023445232,0.034229886372808827,0.07951970398426056,0.03975985199213028,0.03975985199213028
1752067126.8245246,9.955948114395142,195,demo_1,0.0,0.0,0.0,0.0,0.0,0.0,0.0,0.41467676556663186,-0.1884201183256422,0.19115052657256731,0.9994679567871915,-0.003382268224515061,-0.003829069629791794,0.0321385825772832,0.07951970398426056,0.03975985199213028,0.03975985199213028
1752067126.8751063,10.006529808044434,196,demo_1,0.0,0.0,0.0,0.0,0.0,0.0,0.0,0.4133570784617355,-0.1912384931062225,0.1830870447640114,0.9995188457056895,-0.0033679666353630187,-0.0069177587045979845,0.02996773501446778,0.07951970398426056,0.03975985199213028,0.03975985199213028
1752067126.926252,10.0576753616333,197,demo_1,0.0,0.0,0.0,0.0,0.0,0.0,0.0,0.4121732729426207,-0.19382996417169587,0.17495161710797036,0.9995342817494599,-0.002958651679667826,-0.01007016863932385,0.028569990398425713,0.07951970398426056,0.03975985199213028,0.03975985199213028
1752067126.9778228,10.109246253967285,198,demo_1,0.0,0.0,0.0,0.0,0.0,0.0,0.0,0.41114624538183164,-0.1961447230091755,0.1667110612547691,0.9995159271857486,-0.0024140746517176304,-0.013019814326119669,0.028066967320300385,0.07951970398426056,0.03975985199213028,0.03975985199213028
1752067127.0286725,10.160095930099487,199,demo_1,0.0,0.0,0.0,0.0,0.0,0.0,0.0,0.41023308662433666,-0.19816462060185375,0.15847936777202665,0.9994884010765354,-0.002420791128282876,-0.015670245853893636,0.027689455620517243,0.07951970398426056,0.03975985199213028,0.03975985199213028
1752067127.0799584,10.211381912231445,200,demo_1,0.0,0.0,0.0,0.0,0.0,0.0,0.0,0.40941196334631574,-0.20004539322040352,0.150088912620765,0.9994535999654388,-0.002201411281267284,-0.017930047715016866,0.027592668812835647,0.07951970398426056,0.03975985199213028,0.03975985199213028
1752067127.1309464,10.262369871139526,201,demo_1,0.0,0.0,0.0,0.0,0.0,0.0,0.0,0.4086161154556936,-0.20176111429996904,0.14188283506506366,0.9993906944007737,-0.0006637618630719292,-0.020098195511622143,0.028443779680558022,0.07951970398426056,0.03975985199213028,0.03975985199213028
1752067127.1821764,10.313599824905396,202,demo_1,0.0,0.0,0.0,0.0,0.0,0.0,0.0,0.40790687986205126,-0.20304286673566235,0.13386207633557323,0.9993115155128635,0.000590936818930278,-0.022101108638097434,0.029713186541976168,0.07951970398426056,0.03975985199213028,0.03975985199213028
1752067127.2330306,10.3644540309906,203,demo_1,0.0,0.0,0.0,0.0,0.0,0.0,0.0,0.407259845832721,-0.20387751552624375,0.12596683739496034,0.9992288580612813,0.0015589451064484824,-0.023908582991547696,0.03102942567076591,0.07951970398426056,0.03975985199213028,0.03975985199213028
1752067127.2840455,10.41546893119812,204,demo_1,0.0,0.0,0.0,0.0,0.0,0.0,0.0,0.4066554661976864,-0.2042466229332359,0.11833482381302728,0.9991437275741555,0.0024830705049013477,-0.025677204349636683,0.03227249384975995,0.07951970398426056,0.03975985199213028,0.03975985199213028
1752067127.335256,10.466679573059082,205,demo_1,0.0,0.0,0.0,0.0,0.0,0.0,0.0,0.4060587370038334,-0.20417602421533437,0.11104772659319251,0.9990601625847211,0.0036913660245416506,-0.0273149200679982,0.03338034048906648,0.07951970398426056,0.03975985199213028,0.03975985199213028
1752067127.385709,10.51713252067566,206,demo_1,0.0,0.0,0.0,0.0,0.0,0.0,0.0,0.4055388358800887,-0.20366967460380173,0.10426552727657498,0.998975957686334,0.005272901166524563,-0.029008143376180046,0.03424830891970398,0.07951970398426056,0.03975985199213028,0.03975985199213028
1752067127.4364922,10.567915678024292,207,demo_1,0.0,0.0,0.0,0.0,0.0,0.0,0.0,0.4051640601198218,-0.20284525710774115,0.09827331648588368,0.9989004954508734,0.007068020913455998,-0.030356756135265985,0.03494992255293863,0.07952035963535309,0.039760179817676544,0.039760179817676544
1752067127.4871914,10.618614912033081,208,demo_1,0.0,0.0,0.0,0.0,0.0,0.0,0.0,0.4047547384137079,-0.20177689662235337,0.09261149527707983,0.9988208152838676,0.009013549138743662,-0.03186817099080399,0.035430789935463024,0.07952035963535309,0.039760179817676544,0.039760179817676544
1752067127.5380516,10.669475078582764,209,demo_1,0.0,0.0,0.0,0.0,0.0,0.0,0.0,0.40441274195100996,-0.2005989636986342,0.08761298726853242,0.9987482153436793,0.010953685621953844,-0.03311004308124853,0.03579008646869381,0.07952035963535309,0.039760179817676544,0.039760179817676544
1752067127.5894976,10.720921039581299,210,demo_1,0.0,0.0,0.0,0.0,0.0,0.0,0.0,0.4041319282850174,-0.1995318228162681,0.08317661411538618,0.998683049725424,0.012649146297444675,-0.03410464047190742,0.03611405152181273,0.07952035963535309,0.039760179817676544,0.039760179817676544
1752067127.6405149,10.77193832397461,211,demo_1,0.0,0.0,0.0,0.0,0.0,0.0,0.0,0.40393131021327666,-0.19860565730737711,0.07926023472280862,0.9986341066009807,0.013746364543006935,-0.03471826742464082,0.03647994369855861,0.07951970398426056,0.03975985199213028,0.03975985199213028
1752067127.6915054,10.82292890548706,212,demo_1,0.0,0.0,0.0,0.0,0.0,0.0,0.0,0.4037437599003575,-0.19784171114625726,0.07574723235772193,0.9985994573392463,0.013907131529159171,-0.03527208506282045,0.03683451205458752,0.07951970398426056,0.03975985199213028,0.03975985199213028
1752067127.7426074,10.874030828475952,213,demo_1,0.0,0.0,0.0,0.0,0.0,0.0,0.0,0.4035909842470714,-0.19717890719168205,0.07264728932059328,0.9985776081626264,0.01361585245266298,-0.03562110832866449,0.037198003802283525,0.07951970398426056,0.03975985199213028,0.03975985199213028
1752067127.7936428,10.925066232681274,214,demo_1,0.0,0.0,0.0,0.0,0.0,0.0,0.0,0.40333762054785904,-0.1966212089557294,0.06966018149959687,0.9985504044520804,0.013493984668760669,-0.03610852889777686,0.03750149477455157,0.07951970398426056,0.03975985199213028,0.03975985199213028
1752067127.8440797,10.975503206253052,215,demo_1,0.0,0.0,0.0,0.0,0.0,0.0,0.0,0.40316297164019654,-0.1961664322530559,0.06698191547042885,0.9985336482009647,0.01323032339027496,-0.03628266504007831,0.03787170484910006,0.07951970398426056,0.03975985199213028,0.03975985199213028
1752067127.894688,11.026111364364624,216,demo_1,0.0,0.0,0.0,0.0,0.0,0.0,0.0,0.40300852820424227,-0.19579305549328835,0.06437308712904362,0.9985171328335465,0.013392273701652845,-0.03621528390843549,0.03831215852297693,0.07951970398426056,0.03975985199213028,0.03975985199213028
1752067127.9456148,11.077038288116455,217,demo_1,0.0,0.0,0.0,0.0,0.0,0.0,0.0,0.4028074537716519,-0.19544497337736247,0.06196305475521639,0.9984940209886553,0.013791196922077727,-0.036357362853156334,0.038637040357900394,0.07951970398426056,0.03975985199213028,0.03975985199213028
1752067127.9966674,11.128090858459473,218,demo_1,0.0,0.0,0.0,0.0,0.0,0.0,0.0,0.40268403758544674,-0.1952026416545539,0.05955463951509066,0.9984743376044264,0.014157895922626217,-0.03630033771803375,0.03906433596485954,0.07951970398426056,0.03975985199213028,0.03975985199213028
1752067128.0476909,11.17911434173584,219,demo_1,0.0,0.0,0.0,0.0,0.0,0.0,0.0,0.40254518148233814,-0.19507477448907273,0.05715984440044454,0.9984604455370533,0.014294755473036134,-0.036070034043986676,0.039579502567937436,0.07951970398426056,0.03975985199213028,0.03975985199213028
1752067128.0986593,11.230082750320435,220,demo_1,0.0,0.0,0.0,0.0,0.0,0.0,0.0,0.4024358490212388,-0.1950139190123962,0.055019221112372285,0.9984527961166612,0.013987563710405026,-0.03586292190496176,0.04006742540000327,0.07951970398426056,0.03975985199213028,0.03975985199213028
1752067128.14934,11.280763387680054,221,demo_1,0.0,0.0,0.0,0.0,0.0,0.0,0.0,0.4023910369350508,-0.19506805493364565,0.05293541619046416,0.9984506635247071,0.013431718006954056,-0.03547729604836118,0.04064983092967986,0.07952035963535309,0.039760179817676544,0.039760179817676544
1752067128.2005274,11.331950902938843,222,demo_1,0.0,0.0,0.0,0.0,0.0,0.0,0.0,0.4023508644538599,-0.19519362128616363,0.050880117650919876,0.9984415687263152,0.013276162750305348,-0.035119253779094306,0.04123107089400411,0.07952035963535309,0.039760179817676544,0.039760179817676544
1752067128.2518637,11.383287191390991,223,demo_1,0.0,0.0,0.0,0.0,0.0,0.0,0.0,0.4023128481508431,-0.1953726775886122,0.049079216966928574,0.9984259965937187,0.013215556166585861,-0.03502876813839237,0.04170191437554079,0.07952035963535309,0.039760179817676544,0.039760179817676544
1752067128.303007,11.434430360794067,224,demo_1,0.0,0.0,0.0,0.0,0.0,0.0,0.0,0.40230432159228396,-0.19559924105172022,0.04744054789207139,0.9984093442145706,0.013069695751199161,-0.03505849243736407,0.04211950169858438,0.07952035963535309,0.039760179817676544,0.039760179817676544
1752067128.353721,11.48514437675476,225,demo_1,0.0,0.0,0.0,0.0,0.0,0.0,0.0,0.402299613255877,-0.195797967128865,0.04611799292392546,0.9983977427088163,0.012687240941396742,-0.035129804105085406,0.042450725077877983,0.07952035963535309,0.039760179817676544,0.039760179817676544
1752067128.4046457,11.53606915473938,226,demo_1,0.0,0.0,0.0,0.0,0.0,0.0,0.0,0.4023317966236571,-0.19604385109531813,0.04484785061943447,0.9983877702227614,0.012198984524432887,-0.035168903764260205,0.04279461692478256,0.07952035963535309,0.039760179817676544,0.039760179817676544
1752067128.4557579,11.587181329727173,227,demo_1,0.0,0.0,0.0,0.0,0.0,0.0,0.0,0.4024066306785698,-0.19626928997406373,0.04362619446779256,0.998372171915614,0.011982695102423595,-0.035312336099733145,0.04310042100165126,0.06889418512582779,0.034447092562913895,0.034447092562913895
1752067128.506731,11.63815450668335,228,demo_1,0.0,0.0,0.0,0.0,0.0,0.0,0.0,0.40247668294696703,-0.19644683993447554,0.04268073746264767,0.9983543449587052,0.011983554247102015,-0.035574349014525115,0.04329720580485658,0.06889418512582779,0.034447092562913895,0.034447092562913895
1752067128.557594,11.689017534255981,229,demo_1,0.0,0.0,0.0,0.0,0.0,0.0,0.0,0.40252734590073197,-0.19660264515249154,0.04194797326552349,0.9983397049952543,0.01199125642878637,-0.03579899879102107,0.04344721961794629,0.06889418512582779,0.034447092562913895,0.034447092562913895
1752067128.6081965,11.739619970321655,230,demo_1,0.0,0.0,0.0,0.0,0.0,0.0,0.0,0.4025720712970219,-0.19672750221018395,0.04122217697029802,0.998325308128255,0.011998522717722847,-0.03602961609436862,0.043585173788449026,0.054101452231407166,0.027050726115703583,0.027050726115703583
1752067128.6595504,11.790973901748657,231,demo_1,0.0,0.0,0.0,0.0,0.0,0.0,0.0,0.40256598631711454,-0.19682370587507064,0.04054770552305176,0.9983146951864594,0.01200479141458287,-0.036148422818495125,0.04372793033877524,0.054101452231407166,0.027050726115703583,0.027050726115703583
1752067128.7106571,11.84208059310913,232,demo_1,0.0,0.0,0.0,0.0,0.0,0.0,0.0,0.4024989096141865,-0.1968561826286066,0.03996316729534152,0.9983080434003389,0.012078261818711251,-0.03615545719539908,0.04385356298159862,0.054101452231407166,0.027050726115703583,0.027050726115703583
1752067128.7619948,11.893418312072754,233,demo_1,0.0,0.0,0.0,0.0,0.0,0.0,0.0,0.4023945564229357,-0.19686811422797434,0.03945280752405926,0.9983026514632004,0.01214806248971643,-0.03616385102548161,0.04395000031496356,0.037673622369766235,0.018836811184883118,0.018836811184883118
1752067128.8128836,11.944307088851929,234,demo_1,0.0,0.0,0.0,0.0,0.0,0.0,0.0,0.40232637786846426,-0.19688095608243478,0.03902981413430355,0.998299430085836,0.01221019621261385,-0.036106565880043115,0.04405293271927782,0.037673622369766235,0.018836811184883118,0.018836811184883118
1752067128.8635838,11.995007276535034,235,demo_1,0.0,0.0,0.0,0.0,0.0,0.0,0.0,0.40227601635165244,-0.19689314597302518,0.03868111413353251,0.9982969375905849,0.012261269713277604,-0.036052551031079155,0.044139383802493916,0.037673622369766235,0.018836811184883118,0.018836811184883118
1752067128.9147215,12.046144962310791,236,demo_1,0.0,0.0,0.0,0.0,0.0,0.0,0.0,0.4022799955829653,-0.19692064142398652,0.03838421130963121,0.9982970160339724,0.012315835547761951,-0.03588381529592684,0.04425975306971962,0.020672522485256195,0.010336261242628098,0.010336261242628098
1752067128.9653127,12.096736192703247,237,demo_1,0.0,0.0,0.0,0.0,0.0,0.0,0.0,0.40234181599084423,-0.19696199406063103,0.03811074907404212,0.99829939366094,0.012384355932113539,-0.035593851567516634,0.04442085136873045,0.020672522485256195,0.010336261242628098,0.010336261242628098
1752067129.0158422,12.147265672683716,238,demo_1,0.0,0.0,0.0,0.0,0.0,0.0,0.0,0.40251777382296544,-0.1970367544867779,0.037884931965151886,0.9983063391493922,0.012460658145019145,-0.035063412128572065,0.044664620169380796,0.020672522485256195,0.010336261242628098,0.010336261242628098
1752067129.06674,12.198163509368896,239,demo_1,0.0,0.0,0.0,0.0,0.0,0.0,0.0,0.4029368244868988,-0.19718481898479634,0.03778721358315516,0.9983193527501057,0.012560752877560664,-0.03416996639194981,0.0450366156443524,0.020672522485256195,0.010336261242628098,0.010336261242628098
1752067129.1176505,12.24907398223877,240,demo_1,0.0,0.0,0.0,0.0,0.0,0.0,0.0,0.4037577236768269,-0.19740689897767608,0.03797425813139352,0.998337630142957,0.012704201069789575,-0.03293365260066264,0.045509778782065004,0.0053715333342552185,0.0026857666671276093,0.0026857666671276093
1752067129.1687632,12.30018663406372,241,demo_1,0.0,0.0,0.0,0.0,0.0,0.0,0.0,0.4051243665087752,-0.1976097746280726,0.03852377232014188,0.9983601284291261,0.013020846880164517,-0.031343018908538245,0.04604685177718601,0.0053715333342552185,0.0026857666671276093,0.0026857666671276093
1752067129.2196243,12.35104775428772,242,demo_1,0.0,0.0,0.0,0.0,0.0,0.0,0.0,0.40725040485879016,-0.19775922372020002,0.03940499700120663,0.9983846200077298,0.013633963580448653,-0.029278822192592775,0.0466926326590733,0.0053715333342552185,0.0026857666671276093,0.0026857666671276093
1752067129.2710543,12.402477741241455,243,demo_1,0.0,0.0,0.0,0.0,0.0,0.0,0.0,0.41031239643731243,-0.1977254192990394,0.040741810444190674,0.9984093897345181,0.014675021392988062,-0.026692724151179882,0.047392176323749625,0.0053715333342552185,0.0026857666671276093,0.0026857666671276093
1752067129.3217115,12.453135013580322,244,demo_1,0.0,0.0,0.0,0.0,0.0,0.0,0.0,0.4139744207413803,-0.19717135928137802,0.04264800838769381,0.9984371365071296,0.01623411107717391,-0.02346819545506195,0.04800174280884753,0.0009429733618162572,0.0004714866809081286,0.0004714866809081286
1752067129.372889,12.504312515258789,245,demo_1,0.0,0.0,0.0,0.0,0.0,0.0,0.0,0.41841263857963246,-0.19590530069121695,0.04555786330739711,0.9984665314284922,0.018418755147099262,-0.01910335239815963,0.048534339053206706,0.0009429733618162572,0.0004714866809081286,0.0004714866809081286
1752067129.4240003,12.555423736572266,246,demo_1,0.0,0.0,0.0,0.0,0.0,0.0,0.0,0.42330346583224715,-0.19381665325327616,0.0492944346196062,0.9984792924908413,0.021237071465055032,-0.013902563242437573,0.04888754976998116,0.0009429733618162572,0.0004714866809081286,0.0004714866809081286
1752067129.4748466,12.60627007484436,247,demo_1,0.0,0.0,0.0,0.0,0.0,0.0,0.0,0.4285698858178083,-0.19066740823963824,0.05389740299435637,0.998457501686181,0.024844327378751925,-0.007889255873935743,0.048972646318257346,0.0009429733618162572,0.0004714866809081286,0.0004714866809081286
1752067129.525705,12.65712857246399,248,demo_1,0.0,0.0,0.0,0.0,0.0,0.0,0.0,0.4340564538530517,-0.18639594302777557,0.059461956667862095,0.9983810851294702,0.029227954452518107,-0.0011642738213683494,0.048731535760618894,0.00025084667140617967,0.00012542333570308983,0.00012542333570308983
1752067129.576392,12.707815408706665,249,demo_1,0.0,0.0,0.0,0.0,0.0,0.0,0.0,0.43965732798844953,-0.1810385714241623,0.06583613697373211,0.9982311640483611,0.034368589086485796,0.005776812226066603,0.04811603312655629,0.00025084667140617967,0.00012542333570308983,0.00012542333570308983
1752067129.6273189,12.758742332458496,250,demo_1,0.0,0.0,0.0,0.0,0.0,0.0,0.0,0.4454056348689045,-0.17435835900224522,0.07315278262407125,0.99807610313322,0.03793930279174075,0.01326784113016845,0.047157669545643856,0.00021472999651450664,0.00010736499825725332,0.00010736499825725332
1752067129.6788723,12.810295820236206,251,demo_1,0.0,0.0,0.0,0.0,0.0,0.0,0.0,0.4508797703794434,-0.1662929207406076,0.08114557295667023,0.9980023573884991,0.038176488878807084,0.02095301182803173,0.045716531999863905,0.00021472999651450664,0.00010736499825725332,0.00010736499825725332
1752067129.7301521,12.861575603485107,252,demo_1,0.0,0.0,0.0,0.0,0.0,0.0,0.0,0.45600207527696435,-0.1566921015483373,0.09008915392761006,0.9979748615094512,0.03634754794985109,0.02844136228655242,0.043718426112090175,0.00021472999651450664,0.00010736499825725332,0.00010736499825725332
1752067129.7811697,12.912593126296997,253,demo_1,0.0,0.0,0.0,0.0,0.0,0.0,0.0,0.46056455902066235,-0.14603270168610777,0.09956821622254863,0.99795707121865,0.03377833066750181,0.035053439614623386,0.041317622643848806,0.00021472999651450664,0.00010736499825725332,0.00010736499825725332
1752067129.8326514,12.964074850082397,254,demo_1,0.0,0.0,0.0,0.0,0.0,0.0,0.0,0.46452404232138883,-0.13428761165172037,0.10966228032077563,0.9979332767917527,0.031872153885241165,0.040220229184676576,0.03861160233721775,0.00021472999651450664,0.00010736499825725332,0.00010736499825725332
1752067129.8831465,13.014569997787476,255,demo_1,0.0,0.0,0.0,0.0,0.0,0.0,0.0,0.46788851763828143,-0.1216051138389122,0.12030857659523259,0.9978720492672692,0.031062931634927633,0.04458467439782786,0.035970215680866925,0.00021472999651450664,0.00010736499825725332,0.00010736499825725332
1752067129.9346468,13.066070318222046,256,demo_1,0.0,0.0,0.0,0.0,0.0,0.0,0.0,0.4704515384496536,-0.10809773653636821,0.13126069132532153,0.9978155623098918,0.03081716844745405,0.0479221190674676,0.03336252922150955,0.00021472999651450664,0.00010736499825725332,0.00010736499825725332
1752067129.9861104,13.117533922195435,257,demo_1,0.0,0.0,0.0,0.0,0.0,0.0,0.0,0.47234420100860114,-0.09367520547499748,0.14260020500446247,0.9977401896563507,0.031227365191719213,0.05068091990785543,0.031080411067618757,0.00021407332678791136,0.00010703666339395568,0.00010703666339395568
1752067130.0367405,13.168164014816284,258,demo_1,0.0,0.0,0.0,0.0,0.0,0.0,0.0,0.4734724289330266,-0.07907348067879161,0.15378584846071064,0.9977034682833343,0.03136028045114912,0.05246798913652119,0.029096636368730687,0.00021407332678791136,0.00010703666339395568,0.00010703666339395568
1752067130.0881937,13.219617128372192,259,demo_1,0.0,0.0,0.0,0.0,0.0,0.0,0.0,0.47388830945784827,-0.06403318294201545,0.16471949650610207,0.997766861074768,0.029939204853671714,0.05338453704686011,0.02664973782943815,0.00021407332678791136,0.00010703666339395568,0.00010703666339395568
1752067130.1386888,13.27011227607727,260,demo_1,0.0,0.0,0.0,0.0,0.0,0.0,0.0,0.47363659624936494,-0.048950876598907844,0.1749503071178365,0.9978706409799373,0.028359524780546257,0.05371428918839046,0.023661766120001756,0.00021407332678791136,0.00010703666339395568,0.00010703666339395568
1752067130.190094,13.32151746749878,261,demo_1,0.0,0.0,0.0,0.0,0.0,0.0,0.0,0.4726905945749765,-0.03289606098369953,0.1848593420231319,0.9979826176567544,0.027505483196829564,0.0534279786972694,0.020366084240141486,0.00021407332678791136,0.00010703666339395568,0.00010703666339395568
1752067130.2406497,13.37207317352295,262,demo_1,0.0,0.0,0.0,0.0,0.0,0.0,0.0,0.47120797721509267,-0.017049521343762288,0.1935825545729757,0.9981165451523717,0.026641530854666595,0.05268478721024104,0.01652536221379452,0.00021407332678791136,0.00010703666339395568,0.00010703666339395568
1752067130.2912302,13.422653675079346,263,demo_1,0.0,0.0,0.0,0.0,0.0,0.0,0.0,0.46916900496498953,-0.0005890536504603817,0.20151830695122658,0.9982766497292672,0.025432249068095235,0.05139796379199875,0.01226230846162161,0.00021407332678791136,0.00010703666339395568,0.00010703666339395568
1752067130.3419485,13.473371982574463,264,demo_1,0.0,0.0,0.0,0.0,0.0,0.0,0.0,0.4667041027474815,0.0160684691516848,0.2083734330535082,0.9984304214411747,0.024075046727997186,0.049909017290544505,0.00783323448214381,0.00021407332678791136,0.00010703666339395568,0.00010703666339395568
1752067130.3927429,13.524166345596313,265,demo_1,0.0,0.0,0.0,0.0,0.0,0.0,0.0,0.4637565594589909,0.03266851501394857,0.2140058136422997,0.9985650452285122,0.02299133980646586,0.04814459262079881,0.004065844751970694,0.00021407332678791136,0.00010703666339395568,0.00010703666339395568
1752067130.4436517,13.575075149536133,266,demo_1,0.0,0.0,0.0,0.0,0.0,0.0,0.0,0.460546224960036,0.04855604505125508,0.21832539667784626,0.9986939959045535,0.021087624058171245,0.04647663006244495,0.0008497469755208831,0.00021407332678791136,0.00010703666339395568,0.00010703666339395568
1752067130.4947705,13.62619400024414,267,demo_1,0.0,0.0,0.0,0.0,0.0,0.0,0.0,0.4570277567433386,0.06404341676568945,0.221564504306074,0.9988099090266178,0.019649264366502207,0.044567992531848385,-0.0012453598220673778,0.00021407332678791136,0.00010703666339395568,0.00010703666339395568
1752067130.5458632,13.677286624908447,268,demo_1,0.0,0.0,0.0,0.0,0.0,0.0,0.0,0.45324388293888934,0.0792832446981013,0.22369295777645065,0.9989224798298005,0.018172359686014508,0.04258388059416906,-0.002332993108249299,0.00021407332678791136,0.00010703666339395568,0.00010703666339395568
1752067130.5970836,13.728507041931152,269,demo_1,0.0,0.0,0.0,0.0,0.0,0.0,0.0,0.4493678447283975,0.09306839455117459,0.22460733196749266,0.9990477764911596,0.015991915653425785,0.04044516319224554,-0.002678276493866538,0.00021407332678791136,0.00010703666339395568,0.00010703666339395568
1752067130.6485724,13.779995918273926,270,demo_1,0.0,0.0,0.0,0.0,0.0,0.0,0.0,0.44542490698159465,0.10594327248358729,0.2244781430973455,0.9991610037772815,0.014441936387561192,0.038210683621803444,-0.0019617231820292366,0.00021472999651450664,0.00010736499825725332,0.00010736499825725332
1752067130.6992848,13.830708265304565,271,demo_1,0.0,0.0,0.0,0.0,0.0,0.0,0.0,0.44138483674002327,0.11797422453880825,0.22344052525887276,0.9992802037722409,0.012276620687491593,0.035803973375643644,-0.0012729491613295686,0.00021472999651450664,0.00010736499825725332,0.00010736499825725332
1752067130.7498055,13.881228923797607,272,demo_1,0.0,0.0,0.0,0.0,0.0,0.0,0.0,0.4373419978541009,0.1284811634722171,0.22191669382501172,0.9994014194590338,0.01018587548632992,0.03298308188719579,-0.0005943359417711141,0.00021472999651450664,0.00010736499825725332,0.00010736499825725332
1752067130.800479,13.931902408599854,273,demo_1,0.0,0.0,0.0,0.0,0.0,0.0,0.0,0.4330993562833729,0.13819298833133672,0.21993939606198054,0.9995164076187674,0.009302942219080245,0.02958939236725372,0.00024558388109676706,0.00021472999651450664,0.00010736499825725332,0.00010736499825725332
1752067130.8513215,13.982744932174683,274,demo_1,0.0,0.0,0.0,0.0,0.0,0.0,0.0,0.4289428399875388,0.14680036295047244,0.21757206606558718,0.9996185851876016,0.008952947511948686,0.026007093041421535,0.0011603042478330983,0.00021407332678791136,0.00010703666339395568,0.00010703666339395568
1752067130.9020257,14.033449172973633,275,demo_1,0.0,0.0,0.0,0.0,0.0,0.0,0.0,0.4250470729148336,0.15429410499163815,0.21467120268351636,0.9997075973043623,0.009074504418491747,0.022220877929026724,0.001947344628577675,0.00021407332678791136,0.00010703666339395568,0.00010703666339395568
1752067130.9531336,14.084557056427002,276,demo_1,0.0,0.0,0.0,0.0,0.0,0.0,0.0,0.42142858713573084,0.16081457074063077,0.21137138426219845,0.9997852792472738,0.009096040921194502,0.018307528814129385,0.002584208282896901,0.00021407332678791136,0.00010703666339395568,0.00010703666339395568
1752067131.0037994,14.135222911834717,277,demo_1,0.0,0.0,0.0,0.0,0.0,0.0,0.0,0.41821348688361754,0.16629110258136412,0.20784503177655902,0.9998497061129724,0.008974194402854423,0.014349467152019135,0.0030509223928060045,0.00021407332678791136,0.00010703666339395568,0.00010703666339395568
1752067131.0548818,14.186305284500122,278,demo_1,0.0,0.0,0.0,0.0,0.0,0.0,0.0,0.41511951940984837,0.17108332385145184,0.20396163232052106,0.9999075550392988,0.008335208024008818,0.009952230406140152,0.0033978169660471226,0.00021407332678791136,0.00010703666339395568,0.00010703666339395568
1752067131.106261,14.237684488296509,279,demo_1,0.0,0.0,0.0,0.0,0.0,0.0,0.0,0.41241450417272285,0.1749682955363899,0.20016174151151242,0.9999486344241946,0.007336681718779743,0.0055877629753016845,0.0035867760592241723,0.00021407332678791136,0.00010703666339395568,0.00010703666339395568
1752067131.1571994,14.288622856140137,280,demo_1,0.0,0.0,0.0,0.0,0.0,0.0,0.0,0.4100448772925288,0.17829211542184562,0.19639040773286381,0.9999642647978771,0.007201502267281984,0.0013134871872285806,0.003615065177020282,0.00021407332678791136,0.00010703666339395568,0.00010703666339395568
1752067131.2079165,14.339339971542358,281,demo_1,0.0,0.0,0.0,0.0,0.0,0.0,0.0,0.4080545804059776,0.18101250553032106,0.19271927390457183,0.9999567889400152,0.007921876632051423,-0.002786173017220118,0.003329829329154457,0.00021407332678791136,0.00010703666339395568,0.00010703666339395568
1752067131.2588575,14.390280961990356,282,demo_1,0.0,0.0,0.0,0.0,0.0,0.0,0.0,0.40633967061299586,0.18341358151317738,0.18905061834837028,0.9999304089457347,0.008783010877211568,-0.007018870782447228,0.002820951836305092,0.00021407332678791136,0.00010703666339395568,0.00010703666339395568
1752067131.3093624,14.440785884857178,283,demo_1,0.0,0.0,0.0,0.0,0.0,0.0,0.0,0.40506349484699816,0.1854392032610398,0.18557665805129064,0.999890059162237,0.009419099576817084,-0.011043792521751002,0.002090711228687374,0.00021472999651450664,0.00010736499825725332,0.00010736499825725332
1752067131.3603134,14.491736888885498,284,demo_1,0.0,0.0,0.0,0.0,0.0,0.0,0.0,0.404092490669944,0.1872839865762087,0.18206206398033334,0.9998321841870491,0.010028046339953207,-0.015127085838042604,0.0011828957447376474,0.00021472999651450664,0.00010736499825725332,0.00010736499825725332
1752067131.4114974,14.5429208278656,285,demo_1,0.0,0.0,0.0,0.0,0.0,0.0,0.0,0.403402237837143,0.18896897612055036,0.1787063434541038,0.9997593318419274,0.0106347525722742,-0.01906171516210287,0.0001326849027885953,0.00021472999651450664,0.00010736499825725332,0.00010736499825725332
1752067131.4621792,14.593602657318115,286,demo_1,0.0,0.0,0.0,0.0,0.0,0.0,0.0,0.4029779312033322,0.1904089190956991,0.17542811537963385,0.999676030224037,0.01098191339803037,-0.022830874500819942,-0.0010814177805190334,0.00021472999651450664,0.00010736499825725332,0.00010736499825725332
1752067131.512861,14.64428448677063,287,demo_1,0.0,0.0,0.0,0.0,0.0,0.0,0.0,0.4026712059415206,0.19158543018789512,0.17232482133021448,0.9995880268860108,0.011269673419133711,-0.026200362847417988,-0.0023447908506764774,0.00021472999651450664,0.00010736499825725332,0.00010736499825725332
1752067131.5644152,14.695838689804077,288,demo_1,0.0,0.0,0.0,0.0,0.0,0.0,0.0,0.4024922928763032,0.19259496153320663,0.16932620128093256,0.9994989320252965,0.01149798513319403,-0.029177867541888856,-0.0036768640216938357,0.00021472999651450664,0.00010736499825725332,0.00010736499825725332
1752067131.615977,14.747400522232056,289,demo_1,0.0,0.0,0.0,0.0,0.0,0.0,0.0,0.40240057209107033,0.19343386856988593,0.1665348647949531,0.9994151460523653,0.011580551876695955,-0.03171074245007624,-0.004987136301879415,0.00021407332678791136,0.00010703666339395568,0.00010703666339395568
1752067131.6674905,14.798913955688477,290,demo_1,0.0,0.0,0.0,0.0,0.0,0.0,0.0,0.40234673593585696,0.19417587967703395,0.1638620493421702,0.9993331405720837,0.011634816106373121,-0.0339719558253091,-0.006244795881399202,0.00021407332678791136,0.00010703666339395568,0.00010703666339395568
1752067131.7186334,14.850056886672974,291,demo_1,0.0,0.0,0.0,0.0,0.0,0.0,0.0,0.4022669643084561,0.19482900522568128,0.16146315068746986,0.9992507727146139,0.011609838036125341,-0.03610932833599818,-0.007376133779045995,0.00021407332678791136,0.00010703666339395568,0.00010703666339395568
1752067131.7696068,14.90103030204773,292,demo_1,0.0,0.0,0.0,0.0,0.0,0.0,0.0,0.4021340367766022,0.19534514888928048,0.15934894152052553,0.9991713731366514,0.011550666880076003,-0.03806893929185931,-0.008312106767977038,0.00021472999651450664,0.00010736499825725332,0.00010736499825725332
1752067131.8207338,14.952157258987427,293,demo_1,0.0,0.0,0.0,0.0,0.0,0.0,0.0,0.40198593374270997,0.1958083164453482,0.1573919659169811,0.9990989582861042,0.011491207270764702,-0.03974817318388797,-0.009191980255855627,0.00021472999651450664,0.00010736499825725332,0.00010736499825725332
1752067131.8714283,15.002851724624634,294,demo_1,0.0,0.0,0.0,0.0,0.0,0.0,0.0,0.40184367691085027,0.1961975451115097,0.15557474995257148,0.9990370932015672,0.011402024015634537,-0.04110122110306815,-0.010037726570932921,0.00021472999651450664,0.00010736499825725332,0.00010736499825725332
1752067131.9226058,15.0540292263031,295,demo_1,0.0,0.0,0.0,0.0,0.0,0.0,0.0,0.40171321113952724,0.1965488974914006,0.15386264945619027,0.9989862400106884,0.011307604834598115,-0.04213620869460504,-0.010879170211953441,0.00021472999651450664,0.00010736499825725332,0.00010736499825725332
1752067131.973585,15.105008363723755,296,demo_1,0.0,0.0,0.0,0.0,0.0,0.0,0.0,0.4016357612413634,0.19688804578916272,0.15223728350685645,0.9989466349310301,0.011203463858483252,-0.04286047558913122,-0.011758770621084082,0.00021472999651450664,0.00010736499825725332,0.00010736499825725332
1752067132.0247447,15.156168222427368,297,demo_1,0.0,0.0,0.0,0.0,0.0,0.0,0.0,0.40155949952838776,0.19717540636034797,0.1507247431965762,0.998911810415432,0.01107509052914069,-0.04346766902985922,-0.012581146287309618,0.00021472999651450664,0.00010736499825725332,0.00010736499825725332
1752067132.076276,15.207699537277222,298,demo_1,0.0,0.0,0.0,0.0,0.0,0.0,0.0,0.40141360172299717,0.19743265800465673,0.1492235775541357,0.9988711743424773,0.010959707584048115,-0.04420269456178229,-0.013325531640574964,0.00021472999651450664,0.00010736499825725332,0.00010736499825725332
1752067132.1274319,15.25885534286499,299,demo_1,0.0,0.0,0.0,0.0,0.0,0.0,0.0,0.40125003915047264,0.1975955725660495,0.1478392161757311,0.9988277965574214,0.01078714705371506,-0.04502525128925596,-0.013949307142503009,0.00021407332678791136,0.00010703666339395568,0.00010703666339395568
1752067132.1789815,15.310405015945435,300,demo_1,0.0,0.0,0.0,0.0,0.0,0.0,0.0,0.4011009931186104,0.19771309725509578,0.14666268157755274,0.9987898392500111,0.010624733680373465,-0.04573769779388126,-0.014464480742114634,0.00021407332678791136,0.00010703666339395568,0.00010703666339395568
1752067132.2312279,15.362651348114014,301,demo_1,0.0,0.0,0.0,0.0,0.0,0.0,0.0,0.4009763435623562,0.1978572204544326,0.14559563513072316,0.9987550696867881,0.010500110576901226,-0.04636267348253604,-0.01495817938435014,0.00021407332678791136,0.00010703666339395568,0.00010703666339395568
1752067132.2827778,15.414201259613037,302,demo_1,0.0,0.0,0.0,0.0,0.0,0.0,0.0,0.40090917594179243,0.19800629001481393,0.14456169684078865,0.9987230397011367,0.010348866218135418,-0.04691223736212363,-0.015479635302989271,0.00021407332678791136,0.00010703666339395568,0.00010703666339395568
1752067132.3342526,15.465676069259644,303,demo_1,0.0,0.0,0.0,0.0,0.0,0.0,0.0,0.4008529508346546,0.1980860281764641,0.14370981411434275,0.9986969369933552,0.010186613328776972,-0.04736102189622648,-0.015899080328471274,0.00021407332678791136,0.00010703666339395568,0.00010703666339395568
1752067132.3857846,15.517208099365234,304,demo_1,0.0,0.0,0.0,0.0,0.0,0.0,0.0,0.4007937574508036,0.19811669697824305,0.14302546987496206,0.9986757320245628,0.010037417255318381,-0.04773124787016512,-0.016215631739453132,0.00021407332678791136,0.00010703666339395568,0.00010703666339395568
1752067132.4364138,15.567837238311768,305,demo_1,0.0,0.0,0.0,0.0,0.0,0.0,0.0,0.4007373599859681,0.19814122875001405,0.14247940291979289,0.9986579066183207,0.00991624814678008,-0.04804539658194667,-0.01645842234985816,0.00021407332678791136,0.00010703666339395568,0.00010703666339395568
1752067132.4875772,15.619000673294067,306,demo_1,0.0,0.0,0.0,0.0,0.0,0.0,0.0,0.40071471241690804,0.19818514127702372,0.14197158700120135,0.9986438725774429,0.009809583740701506,-0.04826693818704254,-0.016723538683839533,0.00021407332678791136,0.00010703666339395568,0.00010703666339395568
1752067132.5381691,15.66959261894226,307,demo_1,0.0,0.0,0.0,0.0,0.0,0.0,0.0,0.40070472255379425,0.19824149872781832,0.14143403925551246,0.9986305872336153,0.009694727442479949,-0.048460690862882475,-0.01702087514942438,0.012165406718850136,0.006082703359425068,0.006082703359425068
1752067132.5889223,15.720345735549927,308,demo_1,0.0,0.0,0.0,0.0,0.0,0.0,0.0,0.40072955131945615,0.19830342842983098,0.14090570484916667,0.9986195582780206,0.009569063827142973,-0.04859664068716257,-0.01734830297693044,0.012165406718850136,0.006082703359425068,0.006082703359425068
1752067132.639501,15.77092456817627,309,demo_1,0.0,0.0,0.0,0.0,0.0,0.0,0.0,0.4007458162934795,0.19834085172021065,0.1404231552805417,0.9986079141987606,0.009443055490885949,-0.04875895745471251,-0.017629882082787728,0.012165406718850136,0.006082703359425068,0.006082703359425068
1752067132.6908207,15.82224416732788,310,demo_1,0.0,0.0,0.0,0.0,0.0,0.0,0.0,0.40073148617264354,0.1983466751972034,0.14002520689584097,0.9985962976251492,0.009327535671916501,-0.04894757120441992,-0.017825627702968465,0.012165406718850136,0.006082703359425068,0.006082703359425068
1752067132.7422092,15.873632669448853,311,demo_1,0.0,0.0,0.0,0.0,0.0,0.0,0.0,0.4007008597114676,0.1983367807704467,0.13975030096139693,0.9985862539161449,0.009245477959461887,-0.04912745288335886,-0.017935838138943536,0.05068022012710571,0.025340110063552856,0.025340110063552856
1752067132.7929685,15.924391984939575,312,demo_1,0.0,0.0,0.0,0.0,0.0,0.0,0.0,0.40064496127575827,0.19831734672735818,0.13953535807292775,0.9985757506327195,0.009187097192248427,-0.04933211448299433,-0.017988781749595926,0.05068022012710571,0.025340110063552856,0.025340110063552856
1752067132.8439794,15.97540283203125,313,demo_1,0.0,0.0,0.0,0.0,0.0,0.0,0.0,0.40057133142323137,0.198300714354937,0.13935579264037318,0.9985650712010781,0.009159121608349911,-0.04954610055329286,-0.01800775626495711,0.05068022012710571,0.025340110063552856,0.025340110063552856
1752067132.895448,16.0268714427948,314,demo_1,0.0,0.0,0.0,0.0,0.0,0.0,0.0,0.40051525632027585,0.19828303799306096,0.1392168580156854,0.9985566932752561,0.009127573532218054,-0.04971537716339507,-0.018021800411317325,0.05068022012710571,0.025340110063552856,0.025340110063552856
1752067132.9465919,16.078015327453613,315,demo_1,0.0,0.0,0.0,0.0,0.0,0.0,0.0,0.40052144794938027,0.19827552170139337,0.13919058319346564,0.9985561424486163,0.009107927706594196,-0.04972475569417881,-0.018036380010329485,0.07342912256717682,0.03671456128358841,0.03671456128358841
1752067132.9979053,16.129328727722168,316,demo_1,0.0,0.0,0.0,0.0,0.0,0.0,0.0,0.400759615566821,0.19836150237395037,0.13931339506616025,0.9985730105824069,0.009087132863144502,-0.049328227108630766,-0.018201067731534293,0.07342912256717682,0.03671456128358841,0.03671456128358841
1752067133.0507991,16.182222604751587,317,demo_1,0.0,0.0,0.0,0.0,0.0,0.0,0.0,0.4012928905242447,0.19855820232934135,0.139662486119143,0.9986008319870164,0.009051470776929492,-0.04866245447234099,-0.018482452840939433,0.07342912256717682,0.03671456128358841,0.03671456128358841
1752067133.1024053,16.23382878303528,318,demo_1,0.0,0.0,0.0,0.0,0.0,0.0,0.0,0.4026655337290588,0.19902405145159138,0.1406831383077855,0.9986604305934872,0.008939258662274296,-0.0472084465367573,-0.019078336233884215,0.0782405212521553,0.03912026062607765,0.03912026062607765
1752067133.1539032,16.285326719284058,319,demo_1,0.0,0.0,0.0,0.0,0.0,0.0,0.0,0.4046737972431969,0.1996203238935933,0.14227533748690424,0.9987438619426852,0.008732549463537274,-0.04510942766264981,-0.019868736290581338,0.0782405212521553,0.03912026062607765,0.03912026062607765
1752067133.205506,16.33692955970764,320,demo_1,0.0,0.0,0.0,0.0,0.0,0.0,0.0,0.407450952903791,0.20024162106535037,0.14466012918286203,0.9988633313509512,0.008321566580814463,-0.04199504202279729,-0.020842255772456388,0.0782405212521553,0.03912026062607765,0.03912026062607765
1752067133.256824,16.3882474899292,321,demo_1,0.0,0.0,0.0,0.0,0.0,0.0,0.0,0.4110617486956831,0.20074751273845554,0.1479964571329834,0.9990163187444466,0.007590878720800378,-0.03770872108008527,-0.021954776730405322,0.0782405212521553,0.03912026062607765,0.03912026062607765
1752067133.307323,16.438746452331543,322,demo_1,0.0,0.0,0.0,0.0,0.0,0.0,0.0,0.41533542901633924,0.20090811713345905,0.1522820287820132,0.9991834974860471,0.006426596243497839,-0.03250302397988659,-0.023016888309457882,0.07926426082849503,0.03963213041424751,0.03963213041424751
1752067133.3583553,16.489778757095337,323,demo_1,0.0,0.0,0.0,0.0,0.0,0.0,0.0,0.4203002928320478,0.20042619803644027,0.15784759440672452,0.9993612649097949,0.0046369486135255,-0.02611819544599484,-0.023845070153058198,0.07926426082849503,0.03963213041424751,0.03963213041424751
1752067133.4090195,16.540442943572998,324,demo_1,0.0,0.0,0.0,0.0,0.0,0.0,0.0,0.42559027175506026,0.19913390287241992,0.16432568792802743,0.9995194580359341,0.0021925569446807998,-0.018922329623616174,-0.024355242191054984,0.07926426082849503,0.03963213041424751,0.03963213041424751
1752067133.4599147,16.59133815765381,325,demo_1,0.0,0.0,0.0,0.0,0.0,0.0,0.0,0.4314241169124726,0.19676556659479882,0.17214567005446924,0.999640043814326,-0.0011913950985135034,-0.010787847422798494,-0.02443711161105667,0.07926426082849503,0.03963213041424751,0.03963213041424751
1752067133.5107849,16.642208337783813,326,demo_1,0.0,0.0,0.0,0.0,0.0,0.0,0.0,0.43727392801659026,0.19326426887090534,0.18088909160527922,0.9997002549460865,-0.005127396942439049,-0.0028210139336341013,-0.02367147053365552,0.07948096096515656,0.03974048048257828,0.03974048048257828
1752067133.562414,16.6938374042511,327,demo_1,0.0,0.0,0.0,0.0,0.0,0.0,0.0,0.4431827731464441,0.18865133868489684,0.19062549697475029,0.9996862152351939,-0.00996305652916351,0.004958969713498215,-0.02233390733308919,0.07948096096515656,0.03974048048257828,0.03974048048257828
1752067133.6138523,16.745275735855103,328,demo_1,0.0,0.0,0.0,0.0,0.0,0.0,0.0,0.4491154525175558,0.18269265931366033,0.20105248544227133,0.9995736097949197,-0.016203632025537602,0.012462209275282863,-0.020734504768499258,0.07948096096515656,0.03974048048257828,0.03974048048257828
1752067133.665242,16.79666543006897,329,demo_1,0.0,0.0,0.0,0.0,0.0,0.0,0.0,0.45487251856442246,0.17574731147261938,0.2119143963157048,0.999370504886411,-0.02273860402457468,0.019481793035436106,-0.018899571437387082,0.07951050996780396,0.03975525498390198,0.03975525498390198
1752067133.7212303,16.852653741836548,330,demo_1,0.0,0.0,0.0,0.0,0.0,0.0,0.0,0.46034236886857366,0.16823466494771913,0.22291733647393047,0.9991106016954536,-0.028872989922751266,0.02551306633854736,-0.016988883454728716,0.07951050996780396,0.03975525498390198,0.03975525498390198
1752067133.771773,16.903196573257446,331,demo_1,0.0,0.0,0.0,0.0,0.0,0.0,0.0,0.46664085867855815,0.15823062009916086,0.23612982689366674,0.9987637111211767,-0.03517567453876331,0.03179295828618258,-0.014768541002228634,0.07951050996780396,0.03975525498390198,0.03975525498390198
1752067133.8230193,16.954442739486694,332,demo_1,0.0,0.0,0.0,0.0,0.0,0.0,0.0,0.4722355844961779,0.14869266186895816,0.2481048804765727,0.9984856861940001,-0.038785104146526805,0.036704473807741125,-0.013038834460512372,0.0795183926820755,0.03975919634103775,0.03975919634103775
1752067133.8746216,17.00604510307312,333,demo_1,0.0,0.0,0.0,0.0,0.0,0.0,0.0,0.4776851568545426,0.13826211622157952,0.26001478020387236,0.9982535774306279,-0.04112340695525506,0.04079131614110883,-0.011397701894505704,0.0795183926820755,0.03975919634103775,0.03975919634103775
1752067133.925276,17.056699514389038,334,demo_1,0.0,0.0,0.0,0.0,0.0,0.0,0.0,0.4831061217522247,0.12694133409235586,0.2720592827185563,0.998063069785689,-0.042591748763558694,0.04418577100404747,-0.009942195158917134,0.0795183926820755,0.03975919634103775,0.03975919634103775
1752067133.9763937,17.10781717300415,335,demo_1,0.0,0.0,0.0,0.0,0.0,0.0,0.0,0.4884296867214149,0.11496970539212147,0.28387176243994494,0.9979015175873402,-0.04352425282819131,0.04706643944645329,-0.008839029134655169,0.0795183926820755,0.03975919634103775,0.03975919634103775
1752067134.0270324,17.158455848693848,336,demo_1,0.0,0.0,0.0,0.0,0.0,0.0,0.0,0.49340051164794174,0.10283723482019409,0.2952869368843112,0.9977790436011212,-0.04419798274501609,0.049146499596761116,-0.007957217269831368,0.0795183926820755,0.03975919634103775,0.03975919634103775
1752067134.0779057,17.20932912826538,337,demo_1,0.0,0.0,0.0,0.0,0.0,0.0,0.0,0.49847893311592006,0.08986189371682986,0.3068629864068871,0.9976733303963818,-0.04459803344034665,0.050981281324788096,-0.007418036622728278,0.0795183926820755,0.03975919634103775,0.03975919634103775
1752067134.1294315,17.260854959487915,338,demo_1,0.0,0.0,0.0,0.0,0.0,0.0,0.0,0.5031151553268507,0.07728842570233922,0.317822039994144,0.9976226537759841,-0.04440489363825157,0.05216280506188316,-0.0071739130173568075,0.0795183926820755,0.03975919634103775,0.03975919634103775
1752067134.1809878,17.312411308288574,339,demo_1,0.0,0.0,0.0,0.0,0.0,0.0,0.0,0.5074660825249909,0.06517150278699374,0.32813152213239855,0.9976123303211307,-0.04365082265399538,0.05299189911318139,-0.007161018653601571,0.0795183926820755,0.03975919634103775,0.03975919634103775
1752067134.232008,17.363431453704834,340,demo_1,0.0,0.0,0.0,0.0,0.0,0.0,0.0,0.5115513633249892,0.053509858490923996,0.33769554409150887,0.9976709361499766,-0.04175894350710892,0.053383863719862146,-0.007364452628894614,0.0795183926820755,0.03975919634103775,0.03975919634103775
1752067134.2825508,17.413974285125732,341,demo_1,0.0,0.0,0.0,0.0,0.0,0.0,0.0,0.5152115995662283,0.04277081774753953,0.3465804675512626,0.9978069892828655,-0.03850457879786476,0.05324170083031452,-0.007688327324390652,0.0795183926820755,0.03975919634103775,0.03975919634103775
1752067134.3333921,17.464815616607666,342,demo_1,0.0,0.0,0.0,0.0,0.0,0.0,0.0,0.5183425353395699,0.03294718122612151,0.35469168159044034,0.997966131796461,-0.034280284608729235,0.053106259329308146,-0.007960409357619864,0.0795183926820755,0.03975919634103775,0.03975919634103775
1752067134.390757,17.522180557250977,343,demo_1,0.0,0.0,0.0,0.0,0.0,0.0,0.0,0.5210001355626481,0.02444295675059181,0.36198679142938844,0.9981312581520284,-0.029080186980331973,0.05307239395214211,-0.008175441375524464,0.07951904833316803,0.039759524166584015,0.039759524166584015
1752067134.4418921,17.573315620422363,344,demo_1,0.0,0.0,0.0,0.0,0.0,0.0,0.0,0.5237447742503305,0.015725922199583617,0.3695158415450293,0.9982680262039307,-0.023128044189894247,0.05338097032405802,-0.008467440973321392,0.07951904833316803,0.039759524166584015,0.039759524166584015
1752067134.4929883,17.624411821365356,345,demo_1,0.0,0.0,0.0,0.0,0.0,0.0,0.0,0.5258665734034569,0.009533938656388866,0.375089805609307,0.9983200975535902,-0.018799293199656602,0.05405442555934211,-0.00876775162428605,0.07951904833316803,0.039759524166584015,0.039759524166584015
1752067134.5440106,17.675434112548828,346,demo_1,0.0,0.0,0.0,0.0,0.0,0.0,0.0,0.5275679466694407,0.004458631270288155,0.3796469112199331,0.9983513449761747,-0.015567305028794417,0.05445347454631354,-0.009069489514358835,0.0795183926820755,0.03975919634103775,0.03975919634103775
1752067134.595192,17.72661542892456,347,demo_1,0.0,0.0,0.0,0.0,0.0,0.0,0.0,0.5292549613356131,0.00024436199485652985,0.38365266289730443,0.9983350276964253,-0.012992316871860959,0.05536480414025048,-0.009396623123352044,0.0795183926820755,0.03975919634103775,0.03975919634103775
1752067134.6460931,17.77751660346985,348,demo_1,0.0,0.0,0.0,0.0,0.0,0.0,0.0,0.5305955899847378,-0.003010494691812862,0.38677668267735077,0.9983333482577681,-0.01155015763705626,0.05565373125277334,-0.009745145996799933,0.0795183926820755,0.03975919634103775,0.03975919634103775
1752067134.6976814,17.829104900360107,349,demo_1,0.0,0.0,0.0,0.0,0.0,0.0,0.0,0.5319462632144176,-0.005726739464316939,0.38936174613816843,0.9983190734373623,-0.010763198261502623,0.05600404196585731,-0.010095276147055592,0.0795183926820755,0.03975919634103775,0.03975919634103775
1752067134.7486866,17.880110025405884,350,demo_1,0.0,0.0,0.0,0.0,0.0,0.0,0.0,0.5330714307464554,-0.007816970359772772,0.39153564631201837,0.9982996215441684,-0.010090164822674897,0.05642903832329267,-0.01034427585392973,0.0795183926820755,0.03975919634103775,0.03975919634103775
1752067134.80062,17.93204355239868,351,demo_1,0.0,0.0,0.0,0.0,0.0,0.0,0.0,0.5340135036416714,-0.009472071982524453,0.39333453260658785,0.9982836842405722,-0.00953625862931297,0.05676812870839144,-0.01055042066816589,0.0795183926820755,0.03975919634103775,0.03975919634103775
1752067134.8514795,17.982903003692627,352,demo_1,0.0,0.0,0.0,0.0,0.0,0.0,0.0,0.5347253886584753,-0.010798051441236188,0.3946701037496367,0.9982645311492389,-0.00889761429966815,0.057184266480688195,-0.010672595559632778,0.0795183926820755,0.03975919634103775,0.03975919634103775
1752067134.9041545,18.03557801246643,353,demo_1,0.0,0.0,0.0,0.0,0.0,0.0,0.0,0.5351984428259458,-0.011734483434622738,0.3956524837654472,0.9982378703379948,-0.008665870745682636,0.057671947161255344,-0.010732649127899889,0.07951904833316803,0.039759524166584015,0.039759524166584015
1752067134.9551187,18.0865421295166,354,demo_1,0.0,0.0,0.0,0.0,0.0,0.0,0.0,0.535677318666593,-0.01265212331547557,0.3966512168439452,0.9981996238948504,-0.008511912794289629,0.05834639776950688,-0.010767656022616026,0.07951904833316803,0.039759524166584015,0.039759524166584015
1752067135.0062299,18.137653350830078,355,demo_1,0.0,0.0,0.0,0.0,0.0,0.0,0.0,0.536021663538655,-0.013254778301343894,0.3973586639330823,0.9981683945411489,-0.008694757516830218,0.0588457213207481,-0.010799293959605645,0.07951904833316803,0.039759524166584015,0.039759524166584015
1752067135.057383,18.188806533813477,356,demo_1,0.0,0.0,0.0,0.0,0.0,0.0,0.0,0.536311918985077,-0.013733212595053394,0.3979105437028527,0.9981396220346525,-0.008956561880692783,0.0592868567445733,-0.010831890680577303,0.07951904833316803,0.039759524166584015,0.039759524166584015
1752067135.1082096,18.239633083343506,357,demo_1,0.0,0.0,0.0,0.0,0.0,0.0,0.0,0.5365195487503984,-0.014112967963132956,0.3983210305390262,0.9981183146974849,-0.009006397662326868,0.05963470143201202,-0.010844508377176048,0.07951904833316803,0.039759524166584015,0.039759524166584015
1752067135.159013,18.290436506271362,358,demo_1,0.0,0.0,0.0,0.0,0.0,0.0,0.0,0.5366732821560108,-0.014424621567082088,0.3986402926608423,0.998098108160826,-0.009124998635272254,0.05995348192136932,-0.010847450899251335,0.07951904833316803,0.039759524166584015,0.039759524166584015
1752067135.2100396,18.341463088989258,359,demo_1,0.0,0.0,0.0,0.0,0.0,0.0,0.0,0.5368016851196235,-0.014664559197430293,0.39890401130318387,0.9980827969188549,-0.009072359058864887,0.06021688785710862,-0.010841379846894943,0.07951904833316803,0.039759524166584015,0.039759524166584015
1752067135.2611234,18.392546892166138,360,demo_1,0.0,0.0,0.0,0.0,0.0,0.0,0.0,0.5369164151328362,-0.01487518435633107,0.39911418586205927,0.9980708010673065,-0.009018326515487802,0.06042359353746641,-0.010840733226824141,0.07951904833316803,0.039759524166584015,0.039759524166584015
1752067135.3120644,18.443487882614136,361,demo_1,0.0,0.0,0.0,0.0,0.0,0.0,0.0,0.5370253313319661,-0.015030748276246165,0.3992993775829748,0.9980611482727357,-0.008824891018558132,0.060613214700042495,-0.010830057089712882,0.07951904833316803,0.039759524166584015,0.039759524166584015
1752067135.3630316,18.494455099105835,362,demo_1,0.0,0.0,0.0,0.0,0.0,0.0,0.0,0.5371189304461186,-0.015154421697878208,0.39945201468617025,0.998054426649875,-0.00853773383460405,0.060767647212502225,-0.010814247441395438,0.07951904833316803,0.039759524166584015,0.039759524166584015
1752067135.4137266,18.5451500415802,363,demo_1,0.0,0.0,0.0,0.0,0.0,0.0,0.0,0.5372054718982782,-0.015253511304752889,0.39956809338138555,0.998049811200837,-0.008228945862626161,0.06088776343290935,-0.010803955341636787,0.07951904833316803,0.039759524166584015,0.039759524166584015
1752067135.4650614,18.596484899520874,364,demo_1,0.0,0.0,0.0,0.0,0.0,0.0,0.0,0.5373010098726883,-0.015344020823867068,0.39966821743291836,0.9980455128861074,-0.007989155725046496,0.060991178353362756,-0.010797692137116757,0.07951904833316803,0.039759524166584015,0.039759524166584015
1752067135.5160038,18.647427320480347,365,demo_1,0.0,0.0,0.0,0.0,0.0,0.0,0.0,0.5374049478510432,-0.015422017109773768,0.3997593464764093,0.9980408120123917,-0.007887405147976227,0.06108067205836687,-0.010801124945624203,0.07951904833316803,0.039759524166584015,0.039759524166584015
1752067135.5671067,18.698530197143555,366,demo_1,0.0,0.0,0.0,0.0,0.0,0.0,0.0,0.5375117308046611,-0.015466622745255981,0.39982967210073816,0.9980363164867716,-0.007869514987362745,0.06115392236735554,-0.010815076945747843,0.07951904833316803,0.039759524166584015,0.039759524166584015
1752067135.6185389,18.749962329864502,367,demo_1,0.0,0.0,0.0,0.0,0.0,0.0,0.0,0.5375988931256482,-0.015504558287284635,0.3998517845909565,0.9980346894622542,-0.00787781421200353,0.061176348065264924,-0.010832336445236675,0.07951904833316803,0.039759524166584015,0.039759524166584015
