timestamp,playback_time,step_index,ref_eef_pos_x,ref_eef_pos_y,ref_eef_pos_z,ref_eef_quat_x,ref_eef_quat_y,ref_eef_quat_z,ref_eef_quat_w,ref_gripper_state,actual_eef_pos_x,actual_eef_pos_y,actual_eef_pos_z,actual_eef_quat_x,actual_eef_quat_y,actual_eef_quat_z,actual_eef_quat_w,actual_gripper_width,pos_error_x,pos_error_y,pos_error_z,pos_error_norm,quat_error_x,quat_error_y,quat_error_z,quat_error_w,orientation_error_angle
1752046811.6196473,0.05050539970397949,0,0.39057484,0.0012779481,0.42818627,0.99991584,-0.0026567334,0.007884474,0.009706964,open,0.16944334209683715,0.1500147185010916,0.38613815185184536,0.9289035907432581,-0.3579851073191674,0.05301519223522918,0.07854071081501271,0.07954400032758713,-0.22113149790316283,0.1487367704010916,-0.04204811814815462,0.2697958681559907,-0.07101224925674188,-0.3553283739191674,0.04513071823522918,0.06883374681501271,0.7475165641238268
1752046811.6703892,0.10124731063842773,1,0.3905716,0.0012860938,0.42819953,0.9999157,-0.0026450586,0.007902631,0.009709661,open,0.16944330646107433,0.15001568215978694,0.38613899370935434,0.9289042183716575,-0.35798371294657844,0.05301579008080603,0.07853923978537597,0.07954400032758713,-0.22112829353892569,0.14872958835978695,-0.042060536290645656,0.2697912181116459,-0.07101148162834248,-0.3553386543465784,0.04511315908080603,0.06882957878537597,0.7475303644392295
1752046811.720433,0.1512911319732666,2,0.39056432,0.0012962735,0.42824975,0.99991524,-0.0026400664,0.007966994,0.009707686,open,0.16944363464770915,0.15001492261136565,0.38613686043749895,0.9289040180899785,-0.35798430528372854,0.05301327486546559,0.07854060643908285,0.07954400032758713,-0.22112068535229087,0.14871864911136565,-0.04211288956250103,0.2697871189502563,-0.07101122191002152,-0.35534423888372857,0.04504628086546559,0.06883292043908285,0.7475258720275193
1752046811.7708976,0.20175576210021973,3,0.3905602,0.0013730241,0.4282901,0.99991494,-0.0025756906,0.008028089,0.009704851,open,0.1694438041077743,0.1500149330899869,0.3861372758025222,0.9289042619013507,-0.3579831601743544,0.05301591658937446,0.0785411590899174,0.07954400032758713,-0.22111639589222573,0.1486419089899869,-0.04215282419747779,0.2697475453611738,-0.07101067809864936,-0.3554074695743544,0.04498782758937446,0.0688363080899174,0.7476356055064227
1752046811.821402,0.2522602081298828,4,0.39056638,0.0016790683,0.4282691,0.9999154,-0.0023212216,0.008018806,0.009731261,open,0.16944275841491,0.15001717671466658,0.38613856636266075,0.928905552744449,-0.35798033761447334,0.05301490739767233,0.07853943849266494,0.07954400032758713,-0.22112362158509,0.14833810841466658,-0.04213053363733926,0.2695827002897523,-0.07100984725555104,-0.35565911601447336,0.044996101397672336,0.06880817749266493,0.7481165739014708
1752046811.8710523,0.301910400390625,5,0.3905652,0.0023087198,0.42822292,0.9999141,-0.0015980145,0.007967341,0.010047219,open,0.16944304075559719,0.15001452964522038,0.3861376995902091,0.9289039597720787,-0.3579842894550856,0.053014742859892806,0.07854037743430828,0.07954400032758713,-0.22112215924440282,0.1477058098452204,-0.0420852204097909,0.2692270070923051,-0.07101014022792129,-0.35638627495508557,0.04504740185989281,0.06849315843430828,0.7494268835179123
1752046811.9215975,0.35245561599731445,6,0.39056167,0.0033232418,0.4282519,0.99990994,-0.00042327814,0.008017126,0.010530308,open,0.16944338859140248,0.15001530625939583,0.38613806775265513,0.928904280320356,-0.35798355713962193,0.05301633132215682,0.07853885192486774,0.07954400032758713,-0.22111828140859754,0.14669206445939584,-0.042113832247344885,0.2686734654092376,-0.071005659679644,-0.35756027899962195,0.04499920532215682,0.06800854392486774,0.7515198313510653
1752046811.97205,0.4029080867767334,7,0.39055982,0.0048610377,0.42825434,0.9999012,0.0013421845,0.008052884,0.011231461,open,0.16944347015200964,0.15001406614030394,0.38613781619989074,0.928902918057863,-0.35798666978388205,0.053016055306618855,0.0785409623965912,0.07954400032758713,-0.22111634984799036,0.14515302844030395,-0.04211652380010927,0.2678351048919759,-0.07099828194213709,-0.35932885428388206,0.04496317130661885,0.0673095013965912,0.7546988854608866
1752046812.0223954,0.45325350761413574,8,0.3906745,0.00699454,0.42844585,0.99988455,0.0035803642,0.008321056,0.012001572,open,0.1694432844631507,0.15001527829469807,0.3861382288938246,0.9289036051738713,-0.357985443741741,0.05301614191470197,0.07853836565827083,0.07954400032758713,-0.22123121553684927,0.14302073829469808,-0.04230762110617542,0.26681101385425615,-0.07098094482612871,-0.36156580794174104,0.04469508591470197,0.06653679365827082,0.7587127796909255
1752046812.0727453,0.503603458404541,9,0.3909873,0.00963442,0.42901868,0.99984795,0.006409666,0.009160759,0.013198824,open,0.16944397593054275,0.15001529432790472,0.3861384795959259,0.9289044080487392,-0.3579833061235546,0.05301732772640151,0.07853781277049926,0.07954400032758713,-0.22154332406945723,0.14038087432790472,-0.04288020040407409,0.2657573063972185,-0.07094354195126085,-0.3643929721235546,0.043856568726401514,0.06533898877049926,0.7635986687478012
1752046812.12298,0.5538382530212402,10,0.39140874,0.012825754,0.43000132,0.9997828,0.00991215,0.010302298,0.015003388,open,0.16944290129146328,0.15001492996212015,0.386137661821563,0.9289040954928636,-0.3579840266809783,0.05301491747513709,0.0785398521080529,0.07954400032758713,-0.2219658387085367,0.13718917596212016,-0.043863658178437015,0.2646010658775668,-0.0708787045071364,-0.3678961766809783,0.04271261947513709,0.06353646410805289,0.7695479153237191
1752046812.1731353,0.6039934158325195,11,0.3919228,0.016718164,0.43130726,0.9996771,0.014159295,0.011780498,0.017364271,open,0.1694439737981811,0.15001596709665985,0.38614062518918313,0.9289032854415638,-0.35798613729619405,0.05301840184213889,0.07853746037555048,0.07954400032758713,-0.2224788262018189,0.13329780309665984,-0.0451666348108169,0.26325872695633235,-0.07077381455843623,-0.37214543229619407,0.04123790384213889,0.06117318937555048,0.7767392947495848
1752046812.2234228,0.6542809009552002,12,0.39231244,0.021713188,0.43248132,0.9995231,0.019447735,0.013138756,0.01994652,open,0.16944354111726564,0.15001431402194643,0.3861379265810644,0.9289042173985231,-0.35798312229746315,0.053015377695717736,0.07854222181202712,0.07954400032758713,-0.22286889888273434,0.12830112602194643,-0.04634339341893562,0.2613033393228722,-0.07061888260147686,-0.3774308572974632,0.039876621695717734,0.058595701812027126,0.7859847001902913
1752046812.2736578,0.7045159339904785,13,0.39237335,0.029366653,0.4333861,0.9992663,0.0269987,0.014354141,0.022956436,open,0.16944411473299584,0.15001571652193393,0.3861394580512643,0.9289039456948492,-0.35798430843550144,0.05301798341330055,0.07853826994606093,0.07954400032758713,-0.22292923526700417,0.12064906352193394,-0.04724664194873568,0.25784857114376836,-0.07036235430515081,-0.38498300843550143,0.03866384241330055,0.055581833946060935,0.7996656419680602
1752046812.3242838,0.7551419734954834,14,0.39195296,0.03802281,0.43340185,0.99890697,0.03537868,0.01478094,0.026644835,open,0.16944329171481273,0.15001567824802273,0.38613666351262466,0.9289039467243341,-0.3579840769815931,0.05301479016097799,0.07854146826704175,0.07954400032758713,-0.22250966828518728,0.11199286824802274,-0.04726518648737532,0.2535487189328501,-0.07000302327566588,-0.3933627569815931,0.03823385016097799,0.051896633267041754,0.8150493859494515
1752046812.3742168,0.80507493019104,15,0.39117646,0.047469705,0.43270183,0.9983949,0.04493415,0.014617987,0.03114461,open,0.1694431576895501,0.15001523723006166,0.38613755267433647,0.9289042611626386,-0.3579832282017672,0.05301575687962574,0.07854096556734774,0.07954400032758713,-0.2217333023104499,0.10254553223006166,-0.04656427732566354,0.24869554772191899,-0.0694906388373614,-0.4029173782017672,0.03839776987962574,0.04739635556734774,0.83278756517043
1752046812.4246464,0.8555045127868652,16,0.39007935,0.057926342,0.43182924,0.99780434,0.053652555,0.014597809,0.035916477,open,0.16944381258764923,0.15001680652122798,0.3861402011022143,0.928904659020052,-0.3579828643209021,0.05301759561894456,0.07853667735480126,0.07954400032758713,-0.22063553741235076,0.09209046452122799,-0.045689038897785694,0.2434094950908361,-0.06889968097994792,-0.4116354193209021,0.03841978661894456,0.042620200354801255,0.8489366823541664
1752046812.4751506,0.9060087203979492,17,0.38861245,0.06974484,0.4307101,0.99737144,0.059185643,0.014734925,0.03905603,open,0.16944372573952202,0.15001533228379313,0.3861384615718964,0.9289037002668827,-0.35798483492432986,0.05301662511482138,0.07853968982931142,0.07954400032758713,-0.21916872426047798,0.08027049228379313,-0.04457163842810358,0.23762346806999834,-0.06846773973311726,-0.4171704779243299,0.038281700114821376,0.03948365982931142,0.8592222662427422
1752046812.525423,0.9562811851501465,18,0.38648322,0.08367012,0.4289991,0.9973658,0.060720533,0.0140860975,0.037030365,open,0.1694428853702934,0.15001639483911003,0.38613853835858325,0.9289047038768478,-0.3579823072905918,0.05301687259664941,0.07853917389708781,0.07954400032758713,-0.21704033462970662,0.06634627483911003,-0.04286056164141677,0.23096615073516605,-0.06846109612315221,-0.4187028402905918,0.03893077509664941,0.04150880889708781,0.8628024007691087
1752046812.5750022,1.0058603286743164,19,0.38361353,0.09922287,0.4265294,0.9977484,0.058666896,0.0118890945,0.030168865,open,0.17168068933256372,0.14940119147260789,0.38698004429346405,0.9308581440087788,-0.3523458153010016,0.056824859978058126,0.07823665721817696,0.07954400032758713,-0.21193284066743626,0.05017832147260788,-0.03954935570653595,0.2213538895885487,-0.06689025599122123,-0.41101271130100164,0.04493576547805812,0.04806779221817696,0.8495484759243903
1752046812.625717,1.056575059890747,20,0.38052434,0.11492345,0.42347035,0.99823207,0.054674495,0.008678441,0.021524958,open,0.17958830115764152,0.14686711550644896,0.38924150821663805,0.9404250509208044,-0.3245568221130926,0.0659319573143249,0.07688421965689494,0.07954400032758713,-0.2009360388423585,0.03194366550644896,-0.03422884178336194,0.20631845065693016,-0.05780701907919561,-0.3792313171130926,0.0572535163143249,0.05535926165689495,0.7886854950287651
1752046812.6759481,1.1068062782287598,21,0.3774556,0.13042559,0.4196859,0.9986016,0.050565455,0.0050253044,0.014418862,open,0.19197370979755007,0.142948857169369,0.3920880031139161,0.9538510710279547,-0.2816557360274404,0.07483003232895014,0.07234233852140896,0.07954400032758713,-0.18548189020244993,0.012523267169368996,-0.027597896886083884,0.18794150080863994,-0.044750528972045234,-0.33222119102744035,0.06980472792895014,0.057923476521408966,0.6980942946709021
1752046812.7264988,1.1573569774627686,22,0.37539032,0.14430769,0.41571057,0.9987899,0.047795232,0.0031889144,0.0109234685,open,0.20647219582267637,0.13883830112720102,0.39512662215207905,0.9664974388040045,-0.23454291934204338,0.0814682079939976,0.06503963485857857,0.07954400032758713,-0.16891812417732363,-0.005469388872798964,-0.020583947847920947,0.17025553089175563,-0.03229246119599549,-0.2823381513420434,0.07827929359399759,0.05411616635857857,0.6016466551454096
1752046812.7769558,1.2078139781951904,23,0.37415618,0.15685852,0.41148227,0.99886125,0.04624665,0.0032055872,0.0110631855,open,0.22221811283170692,0.13512610390355168,0.39791686851812536,0.9772103571347527,-0.1858647971285218,0.0859558668489884,0.0558640906803232,0.07954400032758713,-0.15193806716829308,-0.021732416096448326,-0.013565401481874628,0.15408275140842453,-0.02165089286524735,-0.2321114471285218,0.0827502796489884,0.0448009051803232,0.5041238162086215
1752046812.8267727,1.2576308250427246,24,0.37421167,0.16834436,0.40703797,0.9988424,0.045287002,0.0062755453,0.014788364,open,0.2373338408009864,0.13304212476381158,0.40029298908016614,0.9850022813333796,-0.14053571980441448,0.08843797839396168,0.04684047315485112,0.07954400032758713,-0.1368778291990136,-0.03530223523618842,-0.006744980919833887,0.14151778229789513,-0.013840118666620382,-0.18582272180441448,0.08216243309396168,0.03205210915485112,0.413043447161612
1752046812.877246,1.3081040382385254,25,0.37490386,0.17983511,0.40230212,0.9988231,0.04349111,0.010879083,0.018376859,open,0.25256382918005515,0.13288182787992242,0.401981295415492,0.9905413036527845,-0.09777933958916495,0.08875358447265318,0.037216495676892454,0.07954400032758713,-0.12234003081994482,-0.04695328212007757,-0.0003208245845079949,0.1310412025711252,-0.008281796347215487,-0.14127044958916496,0.07787450147265318,0.018839636676892455,0.3256004491229048
1752046812.9269588,1.3578169345855713,26,0.37587163,0.19205162,0.39642632,0.9988534,0.039901365,0.015780862,0.021117903,open,0.2667445872278929,0.13482535340073165,0.40321083994253376,0.9938318649662956,-0.06158793328230996,0.08746483542532293,0.02915855677455512,0.07954400032758713,-0.10912704277210711,-0.057226266599268355,0.006784519942533762,0.12340821189826255,-0.005021535033704394,-0.10148929828230996,0.07168397342532293,0.00804065377455512,0.24938924337178026
1752046812.9781451,1.4090032577514648,27,0.37637523,0.20380521,0.38933152,0.9989299,0.035184447,0.018957317,0.02317038,open,0.2803644881906571,0.13874974323892686,0.4037587335240258,0.9956560442109639,-0.032075238976691435,0.08443855521105002,0.022484055937874618,0.07954400032758713,-0.09601074180934288,-0.06505546676107313,0.014427213524025817,0.11686924654651122,-0.003273855789036162,-0.06725968597669144,0.06548123821105002,-0.0006863240621253833,0.1879296079688652
1752046813.0281239,1.458981990814209,28,0.3759434,0.2158585,0.38002864,0.9990053,0.031275634,0.019231154,0.025209451,open,0.292750975355757,0.14417905109634663,0.4036383238056752,0.996573028957844,-0.010555072838085409,0.08017360366549861,0.01726753684369363,0.07954400032758713,-0.08319242464424298,-0.07167944890365338,0.02360968380567524,0.11232248253454634,-0.0024322710421559313,-0.0418307068380854,0.06094244966549861,-0.007941914156306372,0.1487999983532414
1752046813.0779672,1.5088253021240234,29,0.37487048,0.22742355,0.36966184,0.9990738,0.028589437,0.017571045,0.026845261,open,0.30411824086015815,0.15124277566345268,0.4025653379875592,0.9971192704500804,0.0037302284276588796,0.07472282836348668,0.012285416114602389,0.07954400032758713,-0.07075223913984185,-0.07618077433654732,0.032903497987559205,0.10905058414164791,-0.0019545295499195925,-0.02485920857234112,0.057151783363486676,-0.01455984488539761,0.12808648974308995
1752046813.1287181,1.5595762729644775,30,0.3741114,0.23863174,0.35904104,0.99915785,0.026221812,0.016001418,0.027114589,open,0.31438292384701183,0.15931944724637437,0.4004960323222429,0.9975405573137587,0.012736599321982532,0.06843970138493265,0.00786185370418069,0.07954400032758713,-0.05972847615298815,-0.07931229275362564,0.04145499232224292,0.10759389868311359,-0.001617292686241334,-0.013485212678017468,0.052438283384932644,-0.019252735295819313,0.11499277214292485
1752046813.1785476,1.609405755996704,31,0.37376064,0.2500168,0.34809855,0.99927706,0.023643985,0.014744703,0.025771227,open,0.32352955655044113,0.16819838172463702,0.3973823257044238,0.997838442368565,0.021610898476463726,0.061890189759354806,0.004025028506925197,0.07954466342926025,-0.050231083449558844,-0.08181841827536296,0.04928377570442377,0.10791805160066013,-0.0014386176314350463,-0.0020330865235362733,0.04714548675935481,-0.021746198493074805,0.10396958397002458
1752046813.229918,1.660776138305664,32,0.37366718,0.26128384,0.3368991,0.9994251,0.020912826,0.0135167865,0.022904461,open,0.3316046852916387,0.17778651658578398,0.3930926139612574,0.9980348556710025,0.02957397478676793,0.05519543130476612,0.0006735873116445187,0.07954466342926025,-0.042062494708361264,-0.08349732341421601,0.05619351396125738,0.10908147179857418,-0.0013902443289974808,0.008661148786767933,0.041678644804766116,-0.022230873688355482,0.09609838107735277
1752046813.279161,1.7100191116333008,33,0.3738066,0.27256498,0.32508218,0.99958885,0.018012822,0.012356285,0.018445129,open,0.3383693655858176,0.1873922733351325,0.38790716071042997,0.9981811978676285,0.03507031539379093,0.04894129704440168,-0.0020735008669063274,0.07954466342926025,-0.035437234414182395,-0.08517270666486751,0.06282498071042997,0.11161167387335062,-0.0014076521323714841,0.017057493393790927,0.03658501204440168,-0.020518629866906328,0.09061518231622862
1752046813.3297863,1.7606444358825684,34,0.37388748,0.28288144,0.3131107,0.99972814,0.015575238,0.010879609,0.013336157,open,0.34398260429657984,0.19729426023555016,0.3817750620483549,0.9983447548900838,0.03774879184134669,0.04312730187094792,-0.004242022140046232,0.07954400032758713,-0.029904875703420153,-0.08558717976444982,0.06866436204835485,0.11372889494924679,-0.001383385109916202,0.022173553841346692,0.03224769287094792,-0.01757817914004623,0.0858551847901136
1752046813.3803234,1.8111815452575684,35,0.3740087,0.2928459,0.30013585,0.9998442,0.013291807,0.008891626,0.007147055,open,0.3486992252642829,0.20767104113920876,0.37491931073124424,0.9985511867717278,0.03764222520117315,0.037880204769403875,-0.006233797194477505,0.07954400032758713,-0.025309474735717152,-0.08517485886079124,0.07478346073124426,0.11613738455938796,-0.001293013228272133,0.02435041820117315,0.028988578769403875,-0.013380852194477506,0.08035482608993977
1752046813.4305582,1.8614163398742676,36,0.37426722,0.3017618,0.28715432,0.9999136,0.011159908,0.00659725,1.5299032e-05,open,0.35241696464889494,0.21790386847257612,0.3671833244085738,0.998782555909932,0.035368517184865514,0.03337008154155889,-0.008005768319562125,0.07954400032758713,-0.021850255351105075,-0.0838579315274239,0.0800290044085738,0.11795858546792658,-0.001131044090067923,0.024208609184865514,0.026772831541558892,-0.008021067351562125,0.07398974703577293
1752046813.48121,1.9120681285858154,37,0.3749095,0.3096884,0.27426448,0.9999124,0.009735449,0.004364228,-0.0075199264,open,0.3555154261195374,0.2283971676800822,0.3587105528285693,0.9989869830602756,0.032429504290231656,0.029463362130000656,-0.010021319745389293,0.07954400032758713,-0.019394073880462603,-0.08129123231991778,0.08444607282856931,0.11880881183624267,-0.0009254169397244771,0.022694055290231656,0.025099134130000655,-0.002501393345389293,0.06788862128100742
1752046813.5309417,1.9617998600006104,38,0.37616912,0.31616616,0.26161867,0.9998416,0.009510369,0.0027444065,-0.0146293305,open,0.3578764393386931,0.23856891061438948,0.349736198266005,0.9991316867993061,0.029997398336820275,0.02612361852058041,-0.012197026086380158,0.07954466342926025,-0.018292680661306904,-0.0775972493856105,0.088117528266005,0.11883035835046266,-0.0007099132006939124,0.020487029336820277,0.02337921202058041,0.0024323044136198412,0.0623797895231312
1752046813.5815122,2.0123703479766846,39,0.37806964,0.32063335,0.24891438,0.9997322,0.012904606,0.0028568322,-0.018867584,open,0.35975239739075915,0.2484547584476837,0.3401682032469222,0.9992243230558616,0.027994229677414988,0.023270276165027984,-0.014857741743400774,0.07954466342926025,-0.018317242609240836,-0.07217859155231629,0.09125382324692222,0.11778170788565775,-0.0005078769441383413,0.015089623677414987,0.020413443965027984,0.004009842256599226,0.05141135247655572
1752046813.631386,2.062244176864624,40,0.38054606,0.32291633,0.23614624,0.9996229,0.01826446,0.0046047117,-0.019860905,open,0.3613352036428775,0.25785916153316457,0.33018804187160306,0.9992594564957465,0.026694364600577093,0.020839335738933363,-0.01813435566776938,0.07954466342926025,-0.019210856357122497,-0.0650571684668354,0.09404180187160305,0.11595409725470696,-0.00036344350425343563,0.008429904600577093,0.016234624038933363,0.0017265493322306223,0.036755979356393104
1752046813.6822896,2.113147735595703,41,0.38328302,0.32317346,0.22329548,0.99952954,0.023659356,0.0072859777,-0.017972369,open,0.3626946189597988,0.2668279997221633,0.3197371460619318,0.9992376628976448,0.02640386310629905,0.018590349764835992,-0.021829138711263518,0.07954466342926025,-0.020588401040201154,-0.05634546027783671,0.09644166606193183,0.11357679386263113,-0.00029187710235523134,0.0027445071062990496,0.011304372064835993,-0.0038567697112635198,0.024518043946010933
1752046813.7322686,2.1631267070770264,42,0.38610893,0.3224931,0.21037519,0.9994436,0.027760152,0.010146234,-0.015299858,open,0.3640073925266144,0.27486680201709396,0.3093754703831893,0.9991662696067745,0.02716399807054698,0.016501942269632232,-0.02552943271545872,0.07954466342926025,-0.022101537473385613,-0.04762629798290602,0.09900028038318931,0.11206158009859635,-0.00027733039322552777,-0.0005961539294530201,0.006355708269632231,-0.010229574715458722,0.024122520891444312
1752046813.7830272,2.2138853073120117,43,0.38857186,0.3218423,0.19758102,0.9994338,0.028391425,0.011550429,-0.013702575,open,0.36540357455034583,0.28220743084747907,0.298642942030641,0.9990539958074679,0.028664820842698672,0.014155674142818177,-0.02939797844104493,0.07954466342926025,-0.023168285449654158,-0.03963486915252096,0.10106192203064102,0.11100092066258495,-0.0003798041925321405,0.00027339584269867045,0.0026052451428181782,-0.015695403441044933,0.03183448191054385
1752046813.833343,2.2642011642456055,44,0.39075506,0.32162637,0.18494698,0.99949074,0.026372826,0.011463795,-0.013658411,open,0.366893306568917,0.28838164050966975,0.2879796853964519,0.9988998430342197,0.03096988738374242,0.01164505582917054,-0.033159378940578514,0.07954466342926025,-0.023861753431082988,-0.03324472949033025,0.1030327053964519,0.1108617774393099,-0.0005908969657802965,0.004597061383742423,0.00018126082917053858,-0.019500967940578512,0.040090802852913186
1752046813.8831449,2.3140029907226562,45,0.39234033,0.32115495,0.17233114,0.99957764,0.023574986,0.009991296,-0.013567431,open,0.3685686407865506,0.29346122044140116,0.2771012766921953,0.9987190016907375,0.03393151493692158,0.009271783551725763,-0.036307342670799235,0.07954466342926025,-0.02377168921344941,-0.027693729558598834,0.10477013669219531,0.11094510988514514,-0.0008586383092625827,0.010356528936921579,-0.0007195124482742375,-0.022739911670799237,0.05002606838253975
1752046813.933323,2.3641810417175293,46,0.39360943,0.32003796,0.15973584,0.9996387,0.02201366,0.0083932625,-0.012753687,open,0.3704427808021741,0.2976130094972713,0.2660789351992954,0.9985518140780147,0.036030579270407904,0.006802444576624787,-0.03930622268874092,0.07954400032758713,-0.023166649197825906,-0.02242495050272869,0.10634309519929538,0.11112347158306098,-0.0010868859219852478,0.014016919270407904,-0.0015908179233752127,-0.02655253568874092,0.060176268833985684
1752046813.9841752,2.4150333404541016,47,0.3949416,0.31828457,0.14767936,0.999629,0.023816789,0.0074471505,-0.010689979,open,0.372394466430441,0.30113856978434056,0.2547068885556828,0.9984043969759246,0.037005048633698585,0.004012963011194442,-0.04240710662664449,0.07954400032758713,-0.022547133569559008,-0.01714600021565943,0.10702752855568279,0.11071246733921353,-0.0012246030240753436,0.013188259633698584,-0.0034341874888055585,-0.03171712762664449,0.06908904771216914
1752046814.0336876,2.464545726776123,48,0.39657307,0.31590822,0.13644482,0.9995688,0.027203292,0.0075206426,-0.007797414,open,0.37437518612181675,0.3037315875082614,0.24376756765725086,0.9982755764834771,0.037651662494060475,0.0011480965958344514,-0.044967626545857856,0.07954400032758713,-0.022197883878183278,-0.012176632491738615,0.10732274765725086,0.11026871084859077,-0.0012932235165229455,0.010448370494060475,-0.006372546004165549,-0.03717021254585785,0.07831419333437926
1752046814.0850103,2.5158684253692627,49,0.39851612,0.31277156,0.12627141,0.99949706,0.030249536,0.008388971,-0.0039218836,open,0.3765003185808237,0.30582291411019946,0.23217833161878057,0.9981532640165739,0.03767354683879583,-0.002060388062772387,-0.04755733432373882,0.07954466342926025,-0.02201580141917625,-0.006948645889800542,0.10590692161878057,0.10839398156077198,-0.0013437959834261548,0.007424010838795826,-0.010449359062772386,-0.04363545072373882,0.0910061672260302
1752046814.135401,2.5662591457366943,50,0.40048164,0.30880588,0.11646159,0.9994426,0.031824447,0.009811116,0.00080225297,open,0.3784680646543929,0.3073241189623433,0.22117892856341925,0.9980181017091504,0.038079189660302784,-0.005185933653756919,-0.04978081721677398,0.07954466342926025,-0.022013575345607106,-0.0014817610376566814,0.10471733856341925,0.10701641981992861,-0.001424498290849563,0.006254742660302785,-0.014997049653756919,-0.05058307018677398,0.10630876234141105
1752046814.186038,2.616896152496338,51,0.40224525,0.30444914,0.10742901,0.9993924,0.032312553,0.011524578,0.0057526985,open,0.3804219183779895,0.3083219562157409,0.21026487461744114,0.9978517761803712,0.0394684098560386,-0.008037625127066171,-0.05162027848887948,0.07954466342926025,-0.0218233316220105,0.0038728162157408708,0.10283586461744114,0.1051972982549544,-0.001540623819628717,0.007155856856038596,-0.01956220312706617,-0.05737297698887948,0.12213262891160595
1752046814.2353768,2.6662349700927734,52,0.40328953,0.29969317,0.0987541,0.9993433,0.03186039,0.012232767,0.011977864,open,0.38214683161572544,0.30863403523635,0.2000350687655436,0.9977097372019477,0.04066689676814991,-0.010762416081276297,-0.05292289584910932,0.07954466342926025,-0.021142698384274572,0.008940865236350015,0.10128096876554361,0.1038498310072289,-0.0016335627980523793,0.00880650676814991,-0.022995183081276297,-0.06490075984910933,0.13889667359559138
1752046814.2863858,2.7172439098358154,53,0.40411916,0.29528263,0.09079717,0.9992526,0.03149348,0.012894413,0.018202208,open,0.38392016672511287,0.3082241194863366,0.1894853216827922,0.9975671223303306,0.04207357944666197,-0.013577174037448743,-0.05385618667651191,0.07954466342926025,-0.02019899327488711,0.01294148948633661,0.0986881516827922,0.10156196513463933,-0.0016854776696694218,0.010580099446661974,-0.026471587037448743,-0.07205839467651191,0.1550609665526945
1752046814.3366232,2.7674813270568848,54,0.4053507,0.2919459,0.08358045,0.99913776,0.031372026,0.014842131,0.022681737,open,0.3856884596924373,0.3070535242829033,0.17919737732209357,0.9974446804926582,0.04334980963288432,-0.016378171657882308,-0.05433080585951508,0.07954400032758713,-0.019662240307562695,0.015107624282903298,0.09561692732209356,0.09877975903951293,-0.001693079507341766,0.01197778363288432,-0.03122030265788231,-0.07701254285951509,0.16800184375041505
1752046814.3865933,2.8174514770507812,55,0.40696627,0.2902233,0.07771849,0.9990212,0.032070525,0.018187316,0.024343126,open,0.38752233339338765,0.3052830355688141,0.16885997088697055,0.9973619448032833,0.04380967930225717,-0.019030063794312393,-0.05461590560157352,0.07954400032758713,-0.019443936606612366,0.01505973556881407,0.09114148088697055,0.09440143984301608,-0.0016592551967167246,0.011739154302257165,-0.03721737979431239,-0.07895903160157353,0.17624169473870865
1752046814.4371877,2.8680458068847656,56,0.40846512,0.28938258,0.072548926,0.9989442,0.032338683,0.021206865,0.024700996,open,0.3894683455902316,0.3030183924963324,0.15848256069661554,0.9972908669449114,0.04390226230464223,-0.0215729545805123,-0.05489356135189858,0.07954400032758713,-0.018996774409768435,0.013635812496332389,0.08593363469661554,0.08905842123337991,-0.001653333055088524,0.011563579304642232,-0.0427798195805123,-0.07959455735189858,0.1822925809559071
1752046814.4877794,2.91863751411438,57,0.40981126,0.2891071,0.068087004,0.9989159,0.03172659,0.023934435,0.024139322,open,0.3913268698924318,0.300598794128141,0.148632247463303,0.9972201507013267,0.044134693704724066,-0.02363552060422101,-0.055141992044550885,0.07954400032758713,-0.018484390107568194,0.011491694128140995,0.080545243463303,0.08343421334288631,-0.0016957492986732214,0.012408103704724067,-0.04756995560422101,-0.07928131404455088,0.18667221350402693
1752046814.53718,2.9680380821228027,58,0.41079962,0.28821346,0.06419824,0.99884796,0.03144486,0.025570987,0.0255995,open,0.393187750207352,0.2980989541609821,0.13932148030845132,0.9971609854370199,0.044186939856496806,-0.02547325446419786,-0.05535136878159104,0.07954466342926025,-0.01761186979264795,0.009885494160982111,0.07512324030845131,0.07779075900671828,-0.0016869745629800592,0.012742079856496807,-0.051044241464197865,-0.08095086878159104,0.19319484866526943
1752046814.5883846,3.019242763519287,59,0.41227144,0.287458,0.06169406,0.998689,0.032868315,0.027876955,0.02753217,open,0.3950003749907078,0.2956726461403617,0.1303497685629486,0.9970874017384622,0.04448389700053911,-0.02697877793855956,-0.055724490708804274,0.07954466342926025,-0.017271065009292208,0.008214646140361714,0.06865570856294861,0.07126974404364796,-0.0016015982615378288,0.01161558200053911,-0.054855732938559554,-0.08325666070880428,0.20086646537907443
1752046814.6385207,3.0693788528442383,60,0.4141059,0.28699896,0.06041278,0.9985072,0.03474197,0.030590666,0.028909529,open,0.39676969445059473,0.2933985738608563,0.12221552074271982,0.997035251716249,0.04465487672157868,-0.028117165188601988,-0.0559575811555574,0.07954466342926025,-0.017336205549405292,0.006399613860856301,0.061802740742719825,0.06450641707404882,-0.0014719482837510789,0.009912906721578685,-0.05870783118860198,-0.0848671101555574,0.20745277215281074
1752046814.6892269,3.1200850009918213,61,0.4156968,0.28705218,0.060270164,0.99837995,0.035906196,0.032825768,0.029426647,open,0.3985347999406207,0.29129289849308215,0.11463876127658006,0.997005395207043,0.04435827412474383,-0.02916210052597716,-0.05619016383520514,0.07954466342926025,-0.01716200005937929,0.004240718493082163,0.054368597276580055,0.05717046710670337,-0.0013745547929570057,0.008452078124743828,-0.06198786852597716,-0.08561681083520514,0.21219491499717774
1752046814.7393866,3.1702446937561035,62,0.4167613,0.2875985,0.060890213,0.99835813,0.03585922,0.03391279,0.028987521,open,0.40018209236816843,0.2894256198057504,0.10788244302038735,0.9969704917364212,0.04481107303665446,-0.029842609488474302,-0.056092797907229715,0.07954466342926025,-0.016579207631831572,0.001827119805750399,0.046992230020387354,0.04986459841182863,-0.0013876382635787943,0.00895185303665446,-0.0637553994884743,-0.08508031890722971,0.21350734518508419
1752046814.7888334,3.219691514968872,63,0.41775814,0.28852898,0.062053517,0.9983222,0.036052138,0.035306294,0.028313406,open,0.401893438446028,0.28786926923927075,0.10203289942203467,0.9969340317809511,0.045704751900207216,-0.030511695817580464,-0.05565810753686162,0.07954466342926025,-0.015864701553972016,-0.0006597107607292374,0.039979382422034665,0.04301714765685562,-0.0013881682190489686,0.009652613900207219,-0.06581798981758047,-0.08397151353686162,0.21437700053337788
1752046814.8395932,3.270451307296753,64,0.41896507,0.2895957,0.0637657,0.99825835,0.03637327,0.037293386,0.02759724,open,0.40370633504823494,0.2866108770284567,0.09680893983990059,0.9969198820769956,0.04634981949125599,-0.03125009239260471,-0.054964088055969286,0.07954466342926025,-0.015258734951765052,-0.0029848229715432884,0.033043239839900596,0.036518404395822976,-0.001338467923004405,0.009976549491255988,-0.06854347839260472,-0.08256132805596929,0.2156591958295694
1752046814.8897922,3.320650339126587,65,0.42067164,0.29052916,0.06653303,0.9981372,0.036705207,0.040476456,0.027050463,open,0.40549288185517646,0.2857070026126754,0.09236537221433419,0.9969143297240739,0.047232748690481434,-0.0320745925220801,-0.05382641594837483,0.07954466342926025,-0.015178758144823556,-0.00482215738732461,0.025832342214334184,0.030347286616197643,-0.0012228702759260468,0.010527541690481437,-0.07255104852208011,-0.08087687894837484,0.21843955345111463
1752046814.9396162,3.370474338531494,66,0.42292842,0.29120737,0.070428096,0.9979447,0.036963936,0.0449453,0.026742024,open,0.40721657591381627,0.28515458578429764,0.08866746754797399,0.9969127318780048,0.04820313511309208,-0.03276337699723903,-0.052566142728391746,0.07954466342926025,-0.015711844086183757,-0.006052784215702378,0.01823937154797399,0.024822830535928944,-0.0010319681219952415,0.011239199113092076,-0.07770867699723903,-0.07930816672839175,0.22332773251041776
1752046814.9905274,3.4213855266571045,67,0.4262098,0.29162815,0.07629641,0.9976135,0.03714092,0.051666,0.026714783,open,0.4091502768486422,0.2849369154493484,0.08581065249501398,0.9969464091372646,0.04852980619023953,-0.03287429246027357,-0.05154775854697581,0.07954466342926025,-0.017059523151357836,-0.00669123455065157,0.00951424249501398,0.020647536420054503,-0.00066709086273542,0.011388886190239526,-0.08454029246027356,-0.07826254154697582,0.23166612170653877
1752046815.0406759,3.471534013748169,68,0.4305367,0.29197183,0.084290415,0.9970976,0.037259195,0.060718786,0.026768181,open,0.41100087012636516,0.28492682525093044,0.08364037440941462,0.9970128867906454,0.04845473405909493,-0.03245649257850508,-0.05058847441318087,0.07954466342926025,-0.019535829873634836,-0.00704500474906955,-0.0006500405905853768,0.020777470816618283,-8.471320935465876e-05,0.011195539059094928,-0.09317527857850508,-0.07735665541318087,0.24338751589740523
1752046815.0916932,3.5225512981414795,69,0.43530184,0.2923037,0.09403178,0.9963711,0.037566874,0.07145017,0.026897686,open,0.41304368568327443,0.28511581875543146,0.08228796342181169,0.9971120819114929,0.04839145568457747,-0.031105117668662533,-0.04953191034989906,0.07954466342926025,-0.022258154316725565,-0.007187881244568539,-0.011743816578188307,0.026172663184997426,0.0007409819114929661,0.010824581684577471,-0.10255528766866252,-0.07642959634989906,0.2569010976295777
1752046815.1415365,3.572394609451294,70,0.43995085,0.29244515,0.105215736,0.9953716,0.038821623,0.08350742,0.027386498,open,0.4152881960406356,0.28545845193466574,0.08198856953239386,0.9972208835111558,0.04853144928494901,-0.028823580650372358,-0.04857555372879442,0.07954466342926025,-0.0246626539593644,-0.006986698065334251,-0.023227166467606142,0.034591353143370744,0.0018492835111557637,0.009709826284949014,-0.11233100065037235,-0.07596205172879442,0.2721383840939502
1752046815.192075,3.6229331493377686,71,0.44425073,0.29207093,0.1171654,0.9940821,0.04165447,0.09614478,0.028583439,open,0.41789357873208965,0.2859575739863618,0.08266384143557107,0.997358293495533,0.048359062703355375,-0.025627375343889494,-0.047710045788202766,0.07954400032758713,-0.026357151267910328,-0.006113356013638216,-0.034501558564428936,0.043845525291456064,0.0032761934955329863,0.006704592703355376,-0.1217721553438895,-0.07629348478820276,0.2880330697305881
1752046815.2422266,3.6730847358703613,72,0.44819212,0.29077944,0.12946253,0.9925304,0.045465123,0.10896117,0.030643094,open,0.42084100223262055,0.28656075939588743,0.08429108909540126,0.9974921195029123,0.048507449077802356,-0.021441617276301887,-0.04681806576130002,0.07954400032758713,-0.027351117767379474,-0.004218680604112568,-0.045171440904598736,0.05297489955216746,0.004961719502912243,0.003042326077802353,-0.1304027872763019,-0.07746115976130002,0.3038649247926092
1752046815.2930558,3.7239139080047607,73,0.45196113,0.288323,0.14168058,0.99067867,0.050753564,0.12177873,0.033837616,open,0.4242148663562128,0.2873141345445036,0.08678700900824456,0.997606296162081,0.04869140028595194,-0.016553351115813537,-0.046173446897922125,0.07954400032758713,-0.027746263643787183,-0.0010088654554963883,-0.054893570991755444,0.06151566541885681,0.00692762616208098,-0.0020621637140480625,-0.13833208111581355,-0.08001106289792212,0.3202790021977605
1752046815.342991,3.7738492488861084,74,0.45525151,0.28474498,0.15393014,0.9885053,0.058065645,0.13428247,0.03806606,open,0.42782943243458804,0.28784537295226226,0.09013645483417305,0.9976552230272946,0.05036248551185236,-0.010622366430589149,-0.04505569650011899,0.07954400032758713,-0.027422077565411984,0.0031003929522622764,-0.06379368516582694,0.06950695678490432,0.00914992302729456,-0.0077031594881476415,-0.14490483643058913,-0.08312175650011899,0.33535441460630633
1752046815.3934565,3.824314594268799,75,0.4575492,0.2805076,0.16504423,0.9864159,0.06541519,0.1445503,0.042484153,open,0.43173414177633623,0.2880922987269545,0.09477207522657712,0.9976515806535257,0.05243164220979841,-0.0036810225040949814,-0.04386194245133452,0.07954466342926025,-0.025815058223663756,0.007584698726954497,-0.07027215477342287,0.07524706387873027,0.011235680653525648,-0.01298354779020159,-0.148231322504095,-0.08634609545133451,0.34523641154381357
1752046815.4438431,3.8747012615203857,76,0.459122,0.27553087,0.1751593,0.9851049,0.06797835,0.15129448,0.045302752,open,0.4355952087127694,0.28790324817590024,0.10034624894108461,0.9975822161727793,0.05518181762324706,0.004221049315817547,-0.04197670421263921,0.07954466342926025,-0.023526791287230564,0.012372378175900256,-0.07481305105891538,0.07939507704350617,0.012477316172779362,-0.012796532376752948,-0.14707343068418247,-0.08727945621263922,0.3443313509624251
1752046815.493841,3.924699068069458,77,0.45959044,0.26954305,0.18370806,0.9849383,0.063976966,0.1538777,0.046046037,open,0.43935020264491237,0.28735239143590935,0.10691789042609236,0.9974595309126238,0.05789593717660202,0.012963170161345976,-0.03936586535646265,0.07954466342926025,-0.02024023735508762,0.017809341435909343,-0.07679016957390765,0.08138531804791681,0.012521230912623804,-0.006081028823397977,-0.14091452983865402,-0.08541190235646265,0.3311104723657485
1752046815.5445442,3.975402355194092,78,0.45949593,0.26269174,0.19133744,0.98546994,0.056574468,0.1536057,0.045263175,open,0.44307155181759506,0.2863486173048047,0.11441230988498724,0.9973304643089019,0.0594421636393263,0.021915143856612876,-0.0362418296547989,0.07954466342926025,-0.016424378182404942,0.023656877304804702,-0.07692513011501276,0.08213941615147313,0.011860524308901943,0.0028676956393262967,-0.13169055614338715,-0.0815050046547989,0.3110188242469641
1752046815.5940957,4.024953842163086,79,0.45880955,0.25514886,0.19798128,0.9861026,0.050926246,0.15172037,0.044546142,open,0.44640658897161867,0.284869598915301,0.12229762181345492,0.9971919007672274,0.06004390012161045,0.030576842237169825,-0.032607806920643946,0.07954466342926025,-0.012402961028381343,0.029720738915301026,-0.07568365818654509,0.08225066492400428,0.011089300767227361,0.009117654121610447,-0.12114352776283016,-0.07715394892064395,0.28893573465253175
1752046815.6452677,4.076125860214233,80,0.45812136,0.24657473,0.20436257,0.9864827,0.04934015,0.14972244,0.04467433,open,0.44934431884505033,0.28270527503104365,0.1306602914047364,0.9969979863511516,0.060539533587924466,0.039331763123810023,-0.027895545325830284,0.07954466342926025,-0.00877704115494965,0.036130545031043654,-0.0737022785952636,0.08254985527431168,0.01051528635115151,0.011199383587924466,-0.11039067687618999,-0.07256987532583029,0.26619321308824256
1752046815.6947877,4.125645875930786,81,0.45781744,0.23674305,0.21071531,0.9867146,0.049636487,0.14793806,0.045166306,open,0.45175866916897445,0.2799180871648943,0.13878138384101618,0.996765759299502,0.060752989429329676,0.04749418578585354,-0.022507032258226676,0.07954466342926025,-0.006058770831025573,0.04317503716489429,-0.07193392615898381,0.08411469711542106,0.010051159299501955,0.011116502429329676,-0.10044387421414647,-0.06767333825822668,0.2442281570879244
1752046815.7451272,4.175985336303711,82,0.45750284,0.22602321,0.21617903,0.9869737,0.05022845,0.1456866,0.046157937,open,0.45389356541471,0.27635163265412865,0.14714964218969617,0.9964650852356955,0.060598011583355725,0.055800464791032164,-0.016330705094605952,0.07954466342926025,-0.0036092745852900343,0.05032842265412865,-0.06902938781030382,0.08550458099628319,0.009491385235695593,0.010369561583355724,-0.08988613520896784,-0.06248864209460596,0.2208565865979905
1752046815.7960978,4.226955890655518,83,0.45717877,0.21358746,0.22130714,0.9873792,0.04968955,0.1426684,0.0474783,open,0.4556657452716129,0.2719654235950718,0.15528895068334753,0.9961224430859833,0.05988779419878265,0.06370079839929774,-0.009534572563820893,0.07954466342926025,-0.0015130247283871023,0.0583779635950718,-0.06601818931665249,0.08814009982967802,0.008743243085983288,0.010198244198782652,-0.07896760160070226,-0.05701287256382089,0.19671951773040697
1752046815.8466053,4.277463436126709,84,0.45670965,0.19936109,0.22626716,0.98799336,0.047909442,0.13824369,0.049575295,open,0.45710977781549855,0.26679819794394,0.16306155130665184,0.9957471370645583,0.058529234851830286,0.07107792553899844,-0.002250837310011344,0.07954466342926025,0.00040012781549852994,0.06743710794394,-0.06320560869334815,0.09242766144617097,0.007753777064558265,0.01061979285183029,-0.06716576446100156,-0.05182613231001134,0.17175162748769396
1752046815.8967843,4.327642440795898,85,0.4556581,0.18434662,0.23053296,0.9888386,0.045579348,0.13201703,0.05183961,open,0.4582052895725798,0.2606792669112046,0.17041210128369433,0.9953353065251129,0.056398610660409805,0.07805131313383809,0.005476136072493423,0.07954466342926025,0.0025471895725797666,0.07633264691120459,-0.06012085871630568,0.09719917083995769,0.006496706525112916,0.010819262660409806,-0.05396571686616192,-0.04636347392750658,0.14454663819652983
1752046815.9470487,4.377906799316406,86,0.45427343,0.16897002,0.23472516,0.9899329,0.042104207,0.1242143,0.053161,open,0.4591053012787526,0.25338570769437857,0.17758328061455353,0.9948951607548142,0.053256779023253216,0.08453194643541609,0.014030592870235987,0.07954466342926025,0.00483187127875262,0.08441568769437857,-0.05714187938544646,0.10205170105721023,0.004962260754814207,0.011152572023253218,-0.03968235356458391,-0.03913040712976401,0.11411889875641518
1752046815.997542,4.428400039672852,87,0.45244944,0.15333644,0.23859605,0.99127275,0.037208095,0.114808515,0.05299163,open,0.4597889140587312,0.24526984165301768,0.18426836893638276,0.9944325419252854,0.04917080603280114,0.09034038685467768,0.022802211099235168,0.07954466342926025,0.007339474058731199,0.0919334016530177,-0.05432768106361724,0.10703791453827928,0.0031597919252853712,0.011962711032801145,-0.024468128145322315,-0.03018941890076483,0.08157008294466339
1752046816.0481577,4.479015827178955,88,0.450629,0.13799618,0.24280682,0.9926374,0.03199484,0.105066866,0.05102404,open,0.46015361646720726,0.23589437434340105,0.19051536907542033,0.993907170554677,0.044134776651394717,0.09575890236054307,0.032032290578394115,0.07954466342926025,0.009524616467207259,0.09789819434340105,-0.05229145092457968,0.11139645692006296,0.00126977055467703,0.01213993665139472,-0.00930796363945692,-0.018991749421605884,0.04884045961022634
1752046816.0979776,4.528835773468018,89,0.44835332,0.1227009,0.2470404,0.99392086,0.028133195,0.094804585,0.0483438,open,0.46035725514911463,0.22595165958480798,0.19621288944851228,0.9933502458421273,0.03861818883075863,0.10033272438911367,0.041139377982208646,0.07954466342926025,0.01200393514911463,0.10325075958480798,-0.05082751055148771,0.11570760408359324,-0.0005706141578727397,0.010484993830758634,0.005528139389113673,-0.007204422017791354,0.0277653555154343
1752046816.1485977,4.579455852508545,90,0.4454863,0.107628174,0.25093624,0.995108,0.026002886,0.08372299,0.045491803,open,0.46025445347330896,0.2146479486370567,0.20160816877591053,0.9927037327028297,0.03244105116045451,0.1043928490349562,0.05083494771897494,0.07954466342926025,0.014768153473308954,0.1070197746370567,-0.04932807122408944,0.11876274302602838,-0.0024042672971702483,0.00643816516045451,0.020669859034956203,0.005343144718974943,0.044857385814480184
1752046816.198917,4.629775047302246,91,0.44224826,0.091938704,0.25471753,0.99612767,0.02483634,0.07303495,0.042117964,open,0.460081586729931,0.20280668584919728,0.20668842486982017,0.9920121917662644,0.02651998040139919,0.10759280485923667,0.06022851178028476,0.07954466342926025,0.017833326729930987,0.11086798184919729,-0.048029105130179855,0.12213325460813808,-0.004115478233735592,0.0016836404013991918,0.03455785485923667,0.018110547780284758,0.07854208252321011
1752046816.2494662,4.68032431602478,92,0.4396253,0.07656035,0.25843212,0.9968249,0.023956329,0.0654986,0.03835684,open,0.4596792000862515,0.19009982571524767,0.21145090182235904,0.9912334362374227,0.021162805150724565,0.11038946955671743,0.06941008631467348,0.07954466342926025,0.02005390008625152,0.11353947571524767,-0.04698121817764095,0.12450143097899628,-0.005591463762577353,-0.002793523849275434,0.04489086955671742,0.031053246314673474,0.10989698456677459
1752046816.2992802,4.730138301849365,93,0.43770078,0.06105222,0.2618934,0.9972166,0.022939911,0.061688155,0.034966514,open,0.4589730450121624,0.17709976165629351,0.2159207500522482,0.9904597873074767,0.01662371741031654,0.11215678440167036,0.07828858668542982,0.07954466342926025,0.021272265012162395,0.11604754165629352,-0.0459726499477518,0.1266215847572418,-0.006756812692523262,-0.0063161935896834595,0.05046862940167036,0.04332207268542982,0.13433019747000985
1752046816.3498974,4.780755519866943,94,0.43618545,0.045602977,0.26458496,0.9973558,0.021732325,0.060767658,0.033339795,open,0.4581753172125458,0.1635245624137382,0.2203495397872116,0.9897952223036341,0.012302604841864836,0.11299945229481857,0.0859091005574752,0.07954466342926025,0.02198986721254581,0.11792158541373819,-0.04423542021278837,0.12785079963737778,-0.007560577696365867,-0.009429720158135164,0.05223179429481857,0.052569305557475195,0.15020588786988115
1752046816.4004552,4.831313371658325,95,0.43448088,0.029934214,0.26599222,0.99742186,0.020121247,0.061220463,0.031496365,open,0.45698306152424434,0.14916161661812014,0.22475277680422728,0.9893141009246407,0.00878148264210924,0.11226955943628446,0.09258092471537886,0.07954466342926025,0.022502181524244325,0.11922740261812013,-0.04123944319577272,0.12814918409225526,-0.008107759075359322,-0.01133976435789076,0.051049096436284455,0.061084559715378864,0.1616817794192458
1752046816.4507997,4.881657838821411,96,0.43199545,0.015398822,0.2656333,0.9975677,0.018629026,0.060442016,0.029215569,open,0.4557009165482566,0.13472405436099022,0.2292316195310602,0.9890521739752554,0.005532785764662276,0.11069035727613004,0.09740645150141009,0.07954466342926025,0.023705466548256615,0.11932523236099021,-0.03640168046893982,0.12698638731469455,-0.00851552602474459,-0.013096240235337724,0.05024834127613004,0.06819088250141009,0.17231999421924402
1752046816.5010383,4.931896448135376,97,0.4286022,0.0019776542,0.2632882,0.99783224,0.018369118,0.05723371,0.026699705,open,0.45417585893242796,0.11953196771102037,0.2335923105493008,0.9889520704498241,0.0028769442656952065,0.10862607306078238,0.10080222446698284,0.07954466342926025,0.025573658932427967,0.11755431351102037,-0.029695889450699176,0.12391478727943475,-0.008880169550175898,-0.015492173734304794,0.05139236306078238,0.07410251946698283,0.1839263185209317
1752046816.5514634,4.982321500778198,98,0.42480385,-0.009815009,0.25948077,0.9981379,0.01956395,0.05250075,0.024016863,open,0.45241223187363,0.10440676023664609,0.23756694153550276,0.9890568918401824,0.0007329549722642119,0.10596390994991549,0.10262925493280828,0.07954466342926025,0.027608381873630017,0.11422176923664609,-0.02191382846449727,0.11953681941226822,-0.009081008159817605,-0.01883099502773579,0.05346315994991549,0.07861239193280828,0.1947596034062101
1752046816.6018188,5.032676935195923,99,0.42068532,-0.02046676,0.25459707,0.9984246,0.021651791,0.047147807,0.021255434,open,0.4504627162603032,0.08923089089865541,0.24117813897282742,0.9893149955061705,-0.0007476632248968315,0.10314193726684473,0.10301557233037834,0.07954466342926025,0.029777396260303235,0.10969765089865541,-0.013418931027172565,0.11445669770982567,-0.00910960449382947,-0.022399454224896833,0.05599413026684473,0.08176013833037833,0.20409671821295275
1752046816.652017,5.0828752517700195,100,0.41656324,-0.030173587,0.2493669,0.9986703,0.023998164,0.041603766,0.018604226,open,0.4481752287608032,0.07422311180143146,0.2439732227792254,0.9897573615808071,-0.0016162379166993369,0.09984676470370649,0.10199785899271652,0.07954466342926025,0.03161198876080318,0.10439669880143146,-0.005393677220774606,0.10921117299988976,-0.00891293841919294,-0.025614401916699336,0.058242998703706486,0.08339363299271652,0.210642691346105
1752046816.7033296,5.134187698364258,101,0.41288653,-0.038552746,0.24437034,0.99886334,0.025514511,0.036782265,0.016226938,open,0.4455753329677035,0.059028962436592544,0.24622787911641894,0.9903003607086637,-0.0014499723975626496,0.09629134435453503,0.10013119820789507,0.07954466342926025,0.032688802967703545,0.09758170843659254,0.0018575391164189492,0.10292812109639682,-0.008562979291336315,-0.02696448339756265,0.059509079354535026,0.08390426020789507,0.21347158815237885
1752046816.75257,5.183428049087524,102,0.40909767,-0.046255674,0.23869134,0.99903554,0.026826214,0.03168922,0.014117199,open,0.4428792032189139,0.0452084214001654,0.2473682770273484,0.9908812078873734,-0.0007505245145420596,0.09265045590754879,0.0978005536186228,0.07954466342926025,0.03378153321891386,0.0914640954001654,0.008676937027348397,0.09788851807115943,-0.008154332112626617,-0.02757673851454206,0.060961235907548796,0.08368335461862281,0.215010029565469
1752046816.8035185,5.234376668930054,103,0.40545818,-0.05272139,0.23260333,0.9992068,0.02670841,0.026689835,0.012460779,open,0.4399927118547005,0.03153321126303282,0.24778096621146697,0.9915281933794043,0.0002285922309570646,0.08858077514437253,0.09497590460778477,0.07954466342926025,0.03453453185470051,0.08425460126303283,0.015177636211466977,0.09231377126617465,-0.007678606620595607,-0.026479817769042933,0.06189094014437253,0.08251512560778476,0.21363779115439124
1752046816.8537307,5.284588813781738,104,0.40280515,-0.058540575,0.22599143,0.9993412,0.024581784,0.023965603,0.011565043,open,0.43695035070531163,0.01891930902510769,0.2471984757330582,0.9921656024754646,0.0016155511869857162,0.08422434757231029,0.09222935120801534,0.07954466342926025,0.03414520070531163,0.07745988402510769,0.021207045733058205,0.08726778989474392,-0.007175597524535449,-0.022966232813014284,0.060258744572310285,0.08066430820801535,0.20713686360161612
1752046816.9041095,5.334967613220215,105,0.40140846,-0.063369706,0.21899533,0.9994227,0.020983692,0.024200777,0.011110672,open,0.43384149791064247,0.0070293742425777475,0.2459348581309267,0.9928458508469591,0.0028423492617254877,0.07954030767520928,0.08898069242408897,0.07954466342926025,0.03243303791064245,0.07039908024257774,0.026939528130926704,0.08205894602681088,-0.006576849153040909,-0.018141342738274516,0.05533953067520928,0.07787002042408897,0.19499888158574635
1752046816.9540148,5.384872913360596,106,0.40108413,-0.0672642,0.21114755,0.9994399,0.017036892,0.026572105,0.010897459,open,0.4307851066395836,-0.0035375694152745447,0.2439421114142217,0.9934912598186092,0.0038786496593070105,0.0746870067543899,0.08589010648319205,0.07954466342926025,0.0297009766395836,0.06372663058472545,0.03279456141422171,0.07758037585226252,-0.005948640181390852,-0.013158242340692992,0.0481149017543899,0.07499264748319205,0.18058841165862502
1752046817.004618,5.435476064682007,107,0.40168965,-0.07007959,0.202737,0.9993747,0.01417287,0.03032836,0.01116709,open,0.4276231638600959,-0.013648744640715735,0.24126750218462936,0.9941392644717031,0.004405587112273587,0.06943135096144107,0.0827175177887566,0.07954466342926025,0.025933513860095903,0.05643084535928426,0.03853050218462936,0.07308616180710933,-0.005235435528296861,-0.009767282887726414,0.03910299096144107,0.0715504277887566,0.16462289315947545
1752046817.0550938,5.485951900482178,108,0.40258026,-0.07197563,0.19280194,0.99926925,0.012911946,0.033979844,0.011609375,open,0.4245002335722954,-0.022819608768279327,0.23821475736022318,0.9947256691711098,0.004292352235204415,0.06419028466074862,0.07985745282725956,0.07954466342926025,0.02191997357229536,0.04915602123172067,0.04541281736022318,0.07042104547176567,-0.00454358082889017,-0.008619593764795586,0.03021044066074862,0.06824807782725956,0.1505737893680555
1752046817.1056948,5.536552906036377,109,0.4030586,-0.07299547,0.1818986,0.99919975,0.014454889,0.0353366,0.011723891,open,0.4214751107074934,-0.030818239634127942,0.23478373084725035,0.9952396446282888,0.0037974674826863593,0.05899741208098786,0.07744753708594133,0.07954466342926025,0.018416510707493394,0.042177230365872065,0.052885130847250356,0.07010651676346394,-0.003960105371711209,-0.01065742151731364,0.02366081208098786,0.06572364608594133,0.14157416157186004
1752046817.1561778,5.587035894393921,110,0.40356597,-0.073588096,0.17066713,0.99913716,0.017813036,0.035591718,0.011664178,open,0.4184937357721075,-0.03790174078593176,0.23075880963473439,0.9957336132354847,0.002735811708831127,0.0537696738043642,0.07490724699300431,0.07954466342926025,0.014927765772107526,0.035686355214068245,0.060091679634734385,0.07146582470478538,-0.003403546764515264,-0.015077224291168874,0.018177955804364196,0.06324306899300432,0.135215286162668
1752046817.206431,5.637289047241211,111,0.40435693,-0.074014105,0.15939534,0.9990866,0.020850934,0.035414807,0.011496859,open,0.41585912104330314,-0.043778951424054996,0.22614431495674014,0.9962039890111605,0.001478982652253498,0.04852907004633036,0.07221870215207159,0.07954400032758713,0.011502191043303134,0.030235153575945,0.06674897495674015,0.07417472998490218,-0.0028826109888395735,-0.019371951347746504,0.013114263046330357,0.06072184315207159,0.13029550136193901
1752046817.2572308,5.688088893890381,112,0.40497348,-0.0742844,0.1478715,0.9990874,0.022008447,0.03479401,0.011162875,open,0.4135896155337785,-0.04885033846369292,0.22073407621378127,0.9966674415728867,0.0007795069094699743,0.04292923058369787,0.06932294813563747,0.07954400032758713,0.00861613553377849,0.025434061536307083,0.07286257621378128,0.07765361736762931,-0.002419958427113289,-0.021228940090530026,0.008135220583697866,0.058160073135637466,0.12500544527790758
1752046817.3071966,5.7380547523498535,113,0.4050582,-0.07445861,0.13587105,0.99912226,0.022011807,0.03391938,0.010717823,open,0.4118372236684563,-0.05299491469512937,0.2147374378239204,0.9970859838222136,0.0008423721839650103,0.037614256274985464,0.06632635749059683,0.07954400032758713,0.006779023668456341,0.021463695304870627,0.07886638782392041,0.08201556258680934,-0.0020362761777864558,-0.02116943481603499,0.0036948762749854647,0.05560853449059683,0.11932016275913136
1752046817.3575768,5.788434982299805,114,0.4047502,-0.074467234,0.123780414,0.9991579,0.021898245,0.033073753,0.010258222,open,0.41045377447608405,-0.05649682023318684,0.20792229941831886,0.9974672950170363,0.0015563057475839492,0.03261332278136687,0.06315165200841291,0.07954466342926025,0.00570357447608405,0.017970413766813152,0.08414188541831885,0.08622832141764214,-0.0016906049829636949,-0.02034193925241605,-0.0004604302186331302,0.052893430008412914,0.11340999274540714
1752046817.4081898,5.839047908782959,115,0.4046831,-0.0742909,0.11138215,0.99912745,0.022040484,0.03393931,0.010091209,open,0.40934385161305037,-0.059413076217029556,0.20027155857339873,0.9978190988404341,0.002926881369526037,0.027643233936717963,0.05982907013277589,0.07954466342926025,0.004660751613050351,0.01487782378297045,0.08888940857339873,0.09024632514758861,-0.001308351159565957,-0.01911360263047396,-0.006296076063282037,0.049737861132775896,0.10735441555998293
1752046817.4582138,5.889071941375732,116,0.40520734,-0.074200824,0.099738024,0.99900174,0.022192912,0.037285917,0.01039008,open,0.4085211494137631,-0.061798327134768904,0.1921738821581605,0.9981200364072548,0.0044620599538927695,0.023260638196971942,0.056485504865918135,0.07954466342926025,0.0033138094137630802,0.012402496865231094,0.09243585815816051,0.09332304717891707,-0.0008817035927451977,-0.017730852046107227,-0.01402527880302806,0.04609542486591814,0.1027083126906589
1752046817.5086892,5.939547300338745,117,0.40609005,-0.07420335,0.08866238,0.9987819,0.022613617,0.042386353,0.011038469,open,0.40787144957884214,-0.06374779211083546,0.18350418639099858,0.9983851453257458,0.005660023446376779,0.019356426087401145,0.05306204899958952,0.07954466342926025,0.0017813995788421577,0.010455557889164538,0.09484180639099858,0.0954330148048401,-0.0003967546742541517,-0.01695359355362322,-0.023029926912598857,0.04202357999958952,0.10167614641728888
1752046817.5596187,5.990476846694946,118,0.40701583,-0.074210234,0.07808748,0.9985017,0.023570625,0.04790094,0.011806226,open,0.40737999682053677,-0.06532061653727704,0.17424622563459283,0.9986239933833222,0.006510746045690314,0.01576812566048399,0.04954071795771482,0.07954466342926025,0.00036416682053674876,0.00888961746272296,0.09615874563459283,0.09656946866440269,0.00012229338332214734,-0.017059878954309687,-0.03213281433951601,0.03773449195771482,0.10484477449406653
1752046817.6095026,6.040360689163208,119,0.40774134,-0.07423556,0.068148226,0.9982289,0.024119455,0.05287979,0.01249618,open,0.4070202333548463,-0.06654174200315013,0.16489667050056878,0.9988260885833861,0.007082462924871673,0.012833026097547157,0.046117061760645894,0.07954466342926025,-0.0007211066451537351,0.007693817996849872,0.09674844450056877,0.09705656259852793,0.0005971885833860879,-0.017036992075128328,-0.04004676390245285,0.03362088176064589,0.11000909276624614
1752046817.6604097,6.091267824172974,120,0.40834635,-0.07430851,0.05927446,0.99798214,0.024534676,0.057040334,0.013088072,open,0.40677792884580455,-0.06747275627702154,0.15514876183365425,0.9990016393834538,0.007754204959917027,0.010516623265155423,0.0426636128551213,0.07954466342926025,-0.0015684211541954762,0.006835753722978455,0.09587430183365425,0.09613048021293133,0.0010194993834538035,-0.01678047104008297,-0.04652371073484458,0.029575540855121298,0.11528621382233639
1752046817.7111614,6.142019510269165,121,0.40879834,-0.07449104,0.05121095,0.99780685,0.024577608,0.059920143,0.013498518,open,0.4066598757307575,-0.0682166058745314,0.14530028199166445,0.9991498369462201,0.008457077642060372,0.009013739272841189,0.039268562867874224,0.07954466342926025,-0.0021384642692424682,0.006274434125468589,0.09408933199166444,0.09432255269904076,0.0013429869462200372,-0.01612053035793963,-0.050906403727158815,0.025770044867874223,0.11863019131070351
1752046817.7611396,6.191997766494751,122,0.40878904,-0.07469389,0.044488005,0.9977572,0.024341017,0.060812484,0.013603708,open,0.4066356352561675,-0.06878298794951698,0.1356548041276036,0.999268013004398,0.00957484640498268,0.008291178881999537,0.03603058583374929,0.07954466342926025,-0.0021534047438324655,0.005910902050483016,0.09116679912760361,0.09138359359433175,0.0015108130043980372,-0.014766170595017319,-0.05252130511800046,0.02242687783374929,0.11803054265878518
1752046817.811604,6.242462158203125,123,0.40837532,-0.07487987,0.038952906,0.9978347,0.024081873,0.059682045,0.013387588,open,0.4066571198090376,-0.06922656959488949,0.1261232382283185,0.9993682829721362,0.010440605704247976,0.008308927955930297,0.03286604075432002,0.07954466342926025,-0.00171820019096236,0.005653300405110515,0.08717033222831849,0.08737035445826043,0.0015335829721362382,-0.013641267295752024,-0.0513731170440697,0.019478452754320023,0.11327693874681223
1752046817.8614094,6.292267560958862,124,0.40798044,-0.075036936,0.034798075,0.99799025,0.023883965,0.057206467,0.012947214,open,0.4066922753054612,-0.069614319367085,0.11675166039980997,0.9994558492132161,0.010806643062826613,0.00882849284099511,0.029807143317727953,0.07954466342926025,-0.001288164694538796,0.005422616632915003,0.08195358539980997,0.08214288952375469,0.0014655992132160955,-0.013077321937173387,-0.04837797415900488,0.01685992931772795,0.10580200318168083
1752046817.9118915,6.34274959564209,125,0.40776286,-0.07514327,0.032128375,0.9981241,0.02377651,0.05496104,0.012546819,open,0.40672730934785917,-0.0699941829698169,0.10766446467398859,0.9995264748559557,0.011243062656261746,0.00956804893225063,0.026908328392650872,0.07954466342926025,-0.0010355506521408375,0.005149087030183103,0.07553608967398859,0.0757184674015157,0.0014023748559557347,-0.012533447343738255,-0.04539299106774937,0.014361509392650872,0.09851563904358897
1752046817.962503,6.3933610916137695,126,0.40803018,-0.07518433,0.031239724,0.99815595,0.02379716,0.05439628,0.012435045,open,0.4067676530097027,-0.0703691695085551,0.09881225311752406,0.9995900860900624,0.011000625177064002,0.010515292537811322,0.02415079249627731,0.07954466342926025,-0.0012625269902973302,0.0048151604914448976,0.06757252911752407,0.06775563767169665,0.0014341360900623767,-0.012796534822935999,-0.04388098746218867,0.011715747496277311,0.09442526337480059
1752046818.013449,6.444307088851929,127,0.4087859,-0.07535226,0.03193044,0.9981018,0.02375967,0.055351134,0.01264135,open,0.40683373268907363,-0.0706998028882775,0.09048705769211378,0.9996415693855036,0.01063961827114684,0.01139899119301617,0.021651337976706393,0.07954466342926025,-0.0019521673109263449,0.004652457111722505,0.05855661769211378,0.058773580713843185,0.0015397693855035977,-0.01312005172885316,-0.043952142806983834,0.009009987976706392,0.09354970216411328
1752046818.06328,6.494138240814209,128,0.41015646,-0.07560653,0.033858497,0.9979677,0.023750039,0.057616152,0.013111686,open,0.4069799620098823,-0.07102270855041522,0.08299390433784401,0.9996743629314881,0.010757469813102613,0.012282600574339383,0.019487657853966465,0.07954466342926025,-0.0031764979901177104,0.004583821449584788,0.04913540733784401,0.04945088283154053,0.0017066629314881343,-0.012992569186897387,-0.04533355142566062,0.006375971853966466,0.09524585092189143
1752046818.113496,6.544354200363159,129,0.41254404,-0.07599368,0.037285198,0.99771756,0.023790145,0.061603896,0.013922492,open,0.4072411096564043,-0.07133136104007382,0.07626798403370987,0.9996916516029547,0.011166577102146477,0.013304196850958768,0.017609478098703626,0.07954466342926025,-0.005302930343595691,0.004662318959926179,0.03898278603370987,0.03961711619064568,0.0019740916029546973,-0.012623567897853521,-0.04829969914904123,0.0036869860987036266,0.10020465994291791
1752046818.1647696,6.595627784729004,130,0.41586456,-0.07652954,0.042124953,0.9973382,0.023839118,0.06720654,0.015056007,open,0.4076601736134548,-0.07169359174503968,0.07027904843476249,0.9996984312215582,0.011513423615894428,0.01444537075854333,0.016031376021574343,0.07954466342926025,-0.008204386386545193,0.0048359482549603094,0.028154095434762487,0.029721228797849115,0.002360231221558262,-0.012325694384105572,-0.052761169241456664,0.0009753690215743432,0.10849740228367287
1752046818.215443,6.646301031112671,131,0.4205017,-0.07709215,0.049212918,0.99674326,0.024081822,0.075117566,0.016598055,open,0.408281943230803,-0.07207441465125412,0.06521990456995481,0.9996986824473497,0.011560491507762472,0.01568492753900949,0.014767141080735685,0.07954466342926025,-0.012219756769196954,0.005017735348745875,0.016006986569954813,0.02075388499965976,0.002955422447349698,-0.012521330492237527,-0.059432638460990506,-0.0018309139192643157,0.12169254494651476
1752046818.2652168,6.696074962615967,132,0.42589423,-0.077448025,0.05796746,0.9959696,0.024648635,0.08424903,0.01828309,open,0.40920193931763515,-0.0724629484902724,0.061256266224941805,0.9996857295960812,0.011747311881775168,0.01714673864811176,0.013842618853312293,0.07954466342926025,-0.01669229068236483,0.004985076509727598,0.0032888062249418065,0.017728502543012975,0.0037161295960811414,-0.01290132311822483,-0.06710229135188825,-0.004440471146687705,0.13717952963293825
1752046818.3151286,6.745986700057983,133,0.4315652,-0.077515334,0.06830556,0.99506074,0.025536899,0.09379681,0.019983435,open,0.4105978935952599,-0.0728781471184819,0.05847503886977745,0.9996515944683257,0.012271793715832455,0.01910796225692072,0.013272697957673494,0.07954466342926025,-0.020967306404740094,0.00463718688151811,-0.00983052113022255,0.023617167182711195,0.004590854468325745,-0.013265105284167543,-0.07468884774307927,-0.0067107370423265065,0.15262175921102647
1752046818.3658657,6.79672384262085,134,0.43641502,-0.07759728,0.079302594,0.99429804,0.026302628,0.10108748,0.021357272,open,0.4124718345757495,-0.07330414924575714,0.05684850044206215,0.9996029865346393,0.012510016625152259,0.021518999265378643,0.01301873319233795,0.07954466342926025,-0.0239431854242505,0.004293130754242869,-0.022454093557937857,0.03310428095340078,0.00530494653463931,-0.013792611374847743,-0.07956848073462135,-0.00833853880766205,0.1627604239678575
1752046818.4162228,6.847080945968628,135,0.44000122,-0.077778496,0.09109987,0.9938641,0.026818465,0.10495166,0.022253852,open,0.41488965178934073,-0.07373738979096783,0.0563892785593184,0.9995272201053003,0.012495163647868311,0.024770265683393626,0.013070081938588917,0.07954466342926025,-0.025111568210659296,0.004041106209032169,-0.0347105914406816,0.04303192484136855,0.0056631201053002345,-0.014323301352131688,-0.08018139431660637,-0.009183770061411084,0.1643710330533311
1752046818.4671698,6.8980278968811035,136,0.44197008,-0.07785279,0.10273407,0.9938967,0.027225032,0.10449514,0.022450037,open,0.4176572893133679,-0.07416616271156362,0.057194535483887435,0.9994252035198797,0.012560122996039624,0.028391806499935168,0.013438643725035176,0.07954466342926025,-0.024312790686632113,0.0036866272884363838,-0.04553953451611256,0.051754731336178694,0.005528503519879768,-0.014664909003960376,-0.07610333350006483,-0.009011393274964823,0.15648256806141111
1752046818.517212,6.948070049285889,137,0.44296962,-0.077970654,0.11568452,0.99424946,0.02744212,0.10107691,0.022217141,open,0.4207473777079954,-0.07471931432942922,0.05901970282318504,0.9993001960731012,0.012616221170841123,0.032193273328725604,0.014097098245426596,0.07954466342926025,-0.02222224229200459,0.0032513396705707853,-0.05666481717681496,0.06095326708077138,0.005050736073101136,-0.014825898829158878,-0.0688836366712744,-0.008120042754573403,0.14224435175719
1752046818.5681577,6.999015808105469,138,0.44330412,-0.07850643,0.12951392,0.99473935,0.026974568,0.09635503,0.021838052,open,0.4241598407429319,-0.07538131797698723,0.061820494647877644,0.9991395616019714,0.012855962772241842,0.03638816895649738,0.015031557745314983,0.07954466342926025,-0.01914427925706813,0.0031251120230127716,-0.06769342535212236,0.07041782153214021,0.004400211601971349,-0.014118605227758159,-0.059966861043502614,-0.006806494254685018,0.12429499097796964
1752046818.6181607,7.049018859863281,139,0.4430375,-0.079629585,0.14444835,0.9952755,0.025529003,0.09117715,0.021375658,open,0.4274586028770761,-0.07599637036901026,0.0655837997318281,0.9989353949987511,0.013194692125758755,0.04107480514407972,0.016187123373840245,0.07954466342926025,-0.015578897122923874,0.0036332146309897423,-0.0788645502681719,0.08047061310268798,0.0036598949987510787,-0.012334310874241246,-0.05010234485592028,-0.005188534626159754,0.10398687959006535
1752046818.6688135,7.0996716022491455,140,0.44229454,-0.08112697,0.160222,0.9958375,0.023626301,0.0855117,0.02079281,open,0.43065366035522573,-0.07660310068214375,0.0704095253645845,0.9986684089896611,0.013557654748067294,0.04650999097610069,0.017595608492768228,0.07954466342926025,-0.011640879644774282,0.004523869317856255,-0.0898124746354155,0.09067665671299485,0.002830908989661096,-0.010068646251932704,-0.03900170902389931,-0.0031972015072317707,0.08101800858621222
1752046818.7185483,7.149406433105469,141,0.44118908,-0.0830726,0.17680404,0.9963988,0.021121839,0.07960414,0.020040568,open,0.43363045631770925,-0.07723003203371702,0.07633111372449865,0.9983498597321143,0.013763965076818327,0.05226732049148193,0.019272359329410186,0.07954466342926025,-0.007558623682290766,0.005842567966282977,-0.10047292627550135,0.10092609824407883,0.0019510597321142908,-0.007357873923181673,-0.027336819508518073,-0.0007682086705898157,0.056776572814714266
1752046818.7687695,7.199627637863159,142,0.439207,-0.08544936,0.19312198,0.9970115,0.01780378,0.07274788,0.018817231,open,0.4363477483458803,-0.0779594052735828,0.0832700305799193,0.9979738564633718,0.013844770363306865,0.0583174916671808,0.021231111384928232,0.07954466342926025,-0.00285925165411971,0.007489954726417197,-0.1098519494200807,0.11014411256720594,0.0009623564633717274,-0.003959009636693137,-0.014430388332819198,0.002413880384928232,0.030375539532229427
1752046818.8197377,7.250595808029175,143,0.4364929,-0.08869306,0.20980658,0.99766886,0.013438383,0.06464501,0.017100133,open,0.43860704026527497,-0.07881293626665974,0.09142859709333938,0.9975237771734573,0.013785291735088336,0.06478980110895816,0.023531832919055924,0.07954466342926025,0.0021141402652749552,0.009880123733340268,-0.11837798290666061,0.1188083888919339,-0.00014508282654268623,0.0003469087350883356,0.00014479110895815328,0.006431699919055924,0.012888672188454435
1752046818.8694801,7.300338268280029,144,0.43244874,-0.09290602,0.22615139,0.99837685,0.0075776908,0.054513417,0.014480974,open,0.44021828197323076,-0.07972901302083504,0.10046916263989555,0.9970514723355844,0.013624647201617253,0.07083381736704031,0.026086138515076615,0.07954466342926025,0.007769541973230765,0.013177006979164962,-0.12568222736010445,0.12660972146561159,-0.001325377664415539,0.0060469564016172525,0.016320400367040307,0.011605164515076614,0.04192258703063951
1752046818.9205713,7.351429462432861,145,0.42793223,-0.09794515,0.2413296,0.9989725,0.00062258943,0.04385999,0.011183688,open,0.4411976102398539,-0.0808994322092574,0.11074797600856347,0.9965994535703578,0.013226885805326188,0.0759371622624964,0.029039832591823172,0.07954466342926025,0.013265380239853852,0.0170457177907426,-0.13058162399143652,0.13235591158747106,-0.0023730464296422005,0.012604296375326188,0.0320771722624964,0.01785614459182317,0.07778134475218625
1752046818.9704907,7.401348829269409,146,0.42288467,-0.104278706,0.25657496,0.9994071,-0.006713837,0.032935172,0.0071258545,open,0.44152060380259456,-0.08241618997089795,0.1218554331702542,0.9962586497448402,0.012453870140050342,0.07915764614463629,0.03229329549518018,0.07954466342926025,0.01863593380259454,0.021862516029102053,-0.1347195268297458,0.13774838853884291,-0.0031484502551597515,0.019167707140050342,0.04622247414463629,0.02516744099518018,0.1122153635293593
1752046819.021208,7.45206618309021,147,0.4182302,-0.11147369,0.27054235,0.9996433,-0.011431279,0.023865214,0.002860899,open,0.4412985173819797,-0.08437850751126157,0.13415728593146106,0.996006583106,0.011171841899198193,0.08093229341971206,0.03593363795209291,0.07954466342926025,0.02306831738197973,0.027095182488738434,-0.13638506406853892,0.14095099106396256,-0.003636716894000025,0.022603120899198192,0.05706707941971206,0.03307273895209291,0.1396651628604379
1752046819.071541,7.502399206161499,148,0.4137189,-0.12027934,0.28408796,0.9997773,-0.013155448,0.016247388,-0.001870795,open,0.44035362295310404,-0.08675196723250503,0.14706088158479858,0.9958824636608694,0.008907031689110815,0.08101961687767999,0.0396205925920407,0.07954466342926025,0.02663472295310404,0.03352737276749497,-0.1370270784152014,0.1435615317920679,-0.0038948363391305696,0.022062479689110813,0.06477222887767999,0.0414913875920407,0.1602793438123231
1752046819.1225507,7.553408861160278,149,0.40985093,-0.13017415,0.29580998,0.9998381,-0.012606591,0.010906359,-0.006403954,open,0.4387823751279407,-0.08981115588020074,0.16093753957017712,0.9958374536874193,0.005577542280360907,0.07982937506863039,0.04357882837757351,0.07954466342926025,0.028931445127940714,0.04036299411979925,-0.13487244042982285,0.143724649935222,-0.00400064631258068,0.018184133280360906,0.06892301606863038,0.049982782377573504,0.17435799649951134
1752046819.1724508,7.603308916091919,150,0.40623948,-0.14215434,0.30637082,0.9998536,-0.010556266,0.007294782,-0.011103924,open,0.4365706183212327,-0.09343312349373509,0.17504046650690508,0.9958145066522555,0.0015629983603744537,0.07804828482287206,0.04748344241453766,0.07954466342926025,0.030331138321232687,0.0487212165062649,-0.1313303534930949,0.1433227010572064,-0.004039093347744549,0.012119264360374454,0.07075350282287206,0.05858736641453766,0.18555800115144616
1752046819.2230272,7.653885364532471,151,0.4030335,-0.15558584,0.3147463,0.9998325,-0.0077922186,0.0053966576,-0.015501021,open,0.43378354735904434,-0.09784273473023693,0.18947204812322094,0.9957537303162202,-0.0035709775647390697,0.07630596130131859,0.05132585694050112,0.07954466342926025,0.030750047359044352,0.057743105269763076,-0.12527425187677904,0.14132752669619988,-0.004078769683779848,0.00422124103526093,0.0709093037013186,0.06682687794050111,0.1953052771975915
1752046819.27368,7.704538106918335,152,0.39994273,-0.17017925,0.32108033,0.9997858,-0.0051780585,0.004904527,-0.019304335,open,0.4305446525372674,-0.10324466232147134,0.2043367592268841,0.9956348628182267,-0.010147343766151017,0.07465333949228559,0.05504831023955268,0.07954466342926025,0.0306019225372674,0.06693458767852867,-0.11674357077311592,0.13800644190590916,-0.004150937181773284,-0.004969285266151017,0.06974881249228558,0.07435264523955268,0.20439446338994205
1752046819.3242555,7.75511360168457,153,0.39688528,-0.18608032,0.32535952,0.9997332,-0.002979231,0.006340266,-0.021901257,open,0.42709318588771195,-0.10937607567246707,0.21879722596372297,0.9954779651272281,-0.017018181673880813,0.07299010080843833,0.05832351942446291,0.07954466342926025,0.03020790588771194,0.07670424432753292,-0.10656229403627704,0.13472780405785842,-0.004255234872771907,-0.014038950673880812,0.06664983480843834,0.0802247764244629,0.21074855421692018
1752046819.3749237,7.805781841278076,154,0.39421296,-0.2027326,0.3279034,0.99969184,-0.0007818755,0.009571414,-0.022784796,open,0.423399993654377,-0.11663994332804731,0.23316087384302464,0.9953199436932216,-0.022533276504246254,0.07123972007571727,0.06124171499214427,0.07954400032758713,0.029187033654377026,0.0860926566719527,-0.09474252615697537,0.1313010842643031,-0.004371896306778367,-0.021751401004246253,0.06166830607571727,0.08402651099214427,0.21322747195116687
1752046819.425545,7.856403112411499,155,0.39095923,-0.21917456,0.3283675,0.99965125,0.001701501,0.011489314,-0.023615556,open,0.4196069394103671,-0.12507821738991923,0.24679325094990961,0.9952201462255406,-0.025286650375775016,0.06961388076466116,0.06361239705640918,0.07954400032758713,0.028647709410367095,0.09409634261008076,-0.08157424905009036,0.12778564494942576,-0.004431103774459433,-0.026988151375775017,0.058124566764661156,0.08722795305640918,0.21676463441187005
1752046819.4755886,7.906446695327759,156,0.38756624,-0.23449247,0.32687452,0.999622,0.006873512,0.011041963,-0.02412163,open,0.4159269226241675,-0.13452325035936133,0.2592989400620592,0.995209206043254,-0.02566062913949235,0.06805127277845768,0.06530219057797686,0.07954400032758713,0.02836068262416752,0.09996921964063868,-0.06757557993794078,0.12395415361502025,-0.004412793956745986,-0.03253414113949235,0.05700930977845768,0.08942382057797686,0.22214736228378137
1752046819.525586,7.956444025039673,157,0.3838713,-0.24911812,0.3236105,0.99958044,0.013968641,0.008190249,-0.023915522,open,0.41219450135729757,-0.14502628386062008,0.27036731195329816,0.9952808858075232,-0.0246444770837664,0.06649155081652491,0.06620170327452107,0.07954400032758713,0.028323201357297545,0.10409183613937992,-0.05324318804670186,0.1203002541949517,-0.004299554192476851,-0.0386131180837664,0.05830130181652492,0.09011722527452107,0.2284193516519414
1752046819.576161,8.00701904296875,158,0.38016024,-0.2631117,0.31855184,0.99951637,0.021699358,0.0024297251,-0.022032667,open,0.408490236525007,-0.1567018864544964,0.2802798551875377,0.995439446127892,-0.022398219145904456,0.06481345367770096,0.06627993179889123,0.07954466342926025,0.028329996525007006,0.1064098135455036,-0.0382719848124623,0.11657779352595887,-0.004076923872108007,-0.044097577145904454,0.062383728577700956,0.08831259879889122,0.23381777652770994
1752046819.6267483,8.05760645866394,159,0.37663838,-0.2776463,0.31269878,0.9993994,0.029813383,-0.0055970484,-0.016606756,open,0.4048717629464771,-0.1686849528540804,0.28818108256362124,0.9956720698031053,-0.01915503800282001,0.06300225024446825,0.06554475812686879,0.07954466342926025,0.028233382946477092,0.10896134714591962,-0.02451769743637877,0.11519903025649932,-0.0037273301968947514,-0.048968421002820006,0.06859929864446825,0.08215151412686879,0.23564935670040688
1752046819.6772118,8.108069896697998,160,0.3744564,-0.29184958,0.3062669,0.99915034,0.037874453,-0.013792953,-0.00831027,open,0.4011816967597561,-0.1814266202224169,0.2945471836066491,0.9959826169718168,-0.01454579608455742,0.06058257424884042,0.06428050932530173,0.07954466342926025,0.0267252967597561,0.1104229597775831,-0.011719716393350899,0.11421393647571798,-0.0031677230281832447,-0.05242024908455742,0.07437552724884042,0.07259077932530172,0.2330190649448246
1752046819.7269492,8.157807350158691,161,0.37353548,-0.3057209,0.2998136,0.9988867,0.042357575,-0.02062153,0.0010548895,open,0.3977125302490509,-0.1939824460967771,0.2989895577515492,0.9962736721726418,-0.009466640393503015,0.05832879259383964,0.06278607391284242,0.07954466342926025,0.024177050249050924,0.11173845390322293,-0.0008240422484508403,0.1143271222635077,-0.002613027827358172,-0.051824215393503015,0.07895032259383963,0.06173118441284242,0.22583243795260755
1752046819.777245,8.20810317993164,162,0.37362835,-0.31751546,0.29251873,0.9986779,0.043480407,-0.02577486,0.009097688,open,0.39393520339963783,-0.2071698555633016,0.30207787986261864,0.9965785491084385,-0.003144902479575409,0.055657244086344856,0.060981660195734005,0.07954466342926025,0.020306853399637836,0.11034560443669841,0.009559149862618632,0.1126050534371824,-0.0020993508915615466,-0.04662530947957541,0.08143210408634485,0.051883972195734006,0.21459316704787018
1752046819.8283665,8.259224653244019,163,0.374441,-0.32677275,0.28385994,0.99860924,0.042294074,-0.02857605,0.013015235,open,0.39029930633715365,-0.22036803455970536,0.3038281188043071,0.9968026271949586,0.003641864123203631,0.053363433828034136,0.059319388153467545,0.07954466342926025,0.015858306337153627,0.10640471544029464,0.019968178804307124,0.10941744610697997,-0.0018066128050413521,-0.03865220987679637,0.08193948382803413,0.046304153153467545,0.203611485643006
1752046819.8786004,8.309458494186401,164,0.37482858,-0.33347023,0.27344716,0.99844915,0.042854503,-0.03232258,0.01460124,open,0.38691104558677303,-0.2332062790551072,0.3039126842485045,0.9969510602422157,0.009989430839782315,0.0512017769700773,0.05798585178647,0.07954466342926025,0.012082465586773006,0.10026395094489277,0.03046552424850446,0.105484567598638,-0.0014980897577843155,-0.03286507216021769,0.08352435697007729,0.04338461178647,0.19949129418621098
1752046819.9290771,8.359935283660889,165,0.37471133,-0.33770558,0.26124355,0.9981719,0.045387335,-0.03724154,0.014180472,open,0.38394023933551014,-0.24576778818824443,0.30271154511307496,0.9970568142427015,0.015371994963183625,0.04880844446932133,0.05704675494331131,0.07954400032758713,0.009228909335510127,0.09193779181175557,0.041467995113074974,0.10127845254269431,-0.0011150857572984618,-0.030015340036816378,0.08604998446932133,0.04286628294331131,0.20152338078286294
1752046819.9797177,8.410575866699219,166,0.37449574,-0.34069708,0.24810565,0.99781877,0.048669294,-0.042588707,0.013054237,open,0.38110215122677316,-0.25791262965064177,0.3000657268701767,0.9972219956459302,0.0196185107785352,0.04510000277721507,0.05589794292721821,0.07954400032758713,0.0066064112267731345,0.08278445034935822,0.051960076870176675,0.09796305159241038,-0.0005967743540697956,-0.0290507832214648,0.08768870977721507,0.042843705927218215,0.20374709249524892
1752046820.0302668,8.461124897003174,167,0.37490237,-0.34385088,0.23466736,0.99744034,0.05203619,-0.047058146,0.01362765,open,0.37887173151110853,-0.269217336993903,0.2963965717117253,0.9974251354557921,0.02285837595901427,0.04030970419170414,0.054689173806474714,0.07954400032758713,0.003969361511108549,0.07463354300609704,0.061729211711725296,0.09693511825442733,-1.5204544207891857e-05,-0.029177814040985732,0.08736785019170415,0.041061523806474716,0.20178419985848337
1752046820.0807512,8.511609315872192,168,0.3760765,-0.34746286,0.22191483,0.99721384,0.053401094,-0.04935834,0.016487576,open,0.3770271536674132,-0.2793199747633051,0.2913026781983574,0.9976532224519103,0.02566275384371953,0.0344133604746705,0.053295168022788775,0.07954466342926025,0.0009506536674132038,0.06814288523669487,0.06938784819835742,0.097257544840362,0.00043938245191033065,-0.02773834015628047,0.0837717004746705,0.03680759202278877,0.19130209141932505
1752046820.131562,8.562420129776001,169,0.37790215,-0.3516075,0.20863397,0.9971923,0.052322183,-0.04938933,0.020632088,open,0.3755955412197722,-0.28877524337152705,0.28522622817990084,0.9978845584112309,0.028233593973263162,0.02726219045359007,0.051780576246565665,0.07954466342926025,-0.0023066087802278146,0.06283225662847297,0.07659225817990084,0.09909382892081574,0.0006922584112308838,-0.02408858902673684,0.07665152045359007,0.031148488246565666,0.17240719216338535
1752046820.1812856,8.612143754959106,170,0.37996104,-0.35532272,0.19524695,0.99726945,0.050465286,-0.047950175,0.024552215,open,0.3746095653762851,-0.2971733593883047,0.2781567823074082,0.9980653943337059,0.03047313893949343,0.019713955020126905,0.05043211902373252,0.07954466342926025,-0.005351474623714936,0.05814936061169529,0.0829098323074082,0.10141019038262276,0.0007959443337058891,-0.019992147060506567,0.0676641300201269,0.02587990402373252,0.15034908180441825
1752046820.2315679,8.662425994873047,171,0.38219848,-0.35762048,0.18163961,0.9975238,0.046678722,-0.045494873,0.026320726,open,0.3739421059954549,-0.3048137722171664,0.270287250272486,0.9981941984314123,0.03269118407546605,0.011291601254483924,0.049064345324972225,0.07954466342926025,-0.008256374004545097,0.05280670778283364,0.088647640272486,0.10351386488990058,0.0006703984314123668,-0.01398753792453395,0.056786474254483923,0.022743619324972226,0.12552909675796906
1752046820.2822976,8.713155746459961,172,0.38438493,-0.35805178,0.16713125,0.99788606,0.041257393,-0.043240953,0.025428463,open,0.37375517930968516,-0.31199861824710945,0.26148607114015077,0.9982499381688198,0.03421668756869813,0.0028003780555332647,0.048100084901478844,0.07954466342926025,-0.010629750690314854,0.04605316175289054,0.09435482114015076,0.10553064758432021,0.00036387816881977564,-0.0070407054313018705,0.04604133105553326,0.022671621901478846,0.10361706122992263
1752046820.332672,8.763530254364014,173,0.38675648,-0.35665148,0.15227035,0.99828064,0.03551574,-0.040977053,0.02214492,open,0.3739362530591511,-0.318365294230261,0.25207465079099484,0.9982520865590557,0.0348010943446751,-0.005609142523519755,0.047385376280726914,0.07954466342926025,-0.012820226940848889,0.03828618576973902,0.09980430079099484,0.10766191850412664,-2.8553440944323327e-05,-0.0007146456553248984,0.03536791047648025,0.025240456280726915,0.08692037024822863
1752046820.3836517,8.814509868621826,174,0.38948345,-0.35416758,0.13760228,0.9985927,0.031712566,-0.038322743,0.018262714,open,0.37459576724935173,-0.32417695667399626,0.24178901866652935,0.998206994552902,0.034076828873885696,-0.013457989360907745,0.04728244256155772,0.07954466342926025,-0.014887682750648279,0.029990623326003718,0.10418673866652936,0.10943471615138349,-0.0003857054470980392,0.002364262873885699,0.024864753639092255,0.02901972856155772,0.07658525512960941
1752046820.4342089,8.86506700515747,175,0.39220476,-0.35129035,0.123064004,0.9987813,0.030481258,-0.03573427,0.014999968,open,0.3755200064995323,-0.32904028108476596,0.2309285385608137,0.9981137202327217,0.03278208681850471,-0.02072670208648377,0.04753863268431384,0.07954466342926025,-0.016684753500467664,0.02225006891523401,0.10786453456081369,0.11139211992831899,-0.0006675797672782702,0.0023008288185047097,0.015007567913516227,0.03253866468431384,0.0718296919306423
1752046820.4848201,8.915678262710571,176,0.39504385,-0.34878573,0.10948649,0.9989309,0.030357353,-0.032166153,0.013266896,open,0.3767660951318454,-0.33310148801582273,0.2192937858018983,0.9979347154209598,0.032334112696468124,-0.02732243529040749,0.048264636045480286,0.07954466342926025,-0.018277754868154583,0.015684241984177283,0.10980729580189828,0.11241758750731207,-0.0009961845790401602,0.0019767596964681243,0.004843717709592514,0.034997740045480286,0.07080509328886561
1752046820.534725,8.965583086013794,177,0.3981506,-0.3468916,0.09695389,0.99912035,0.029071912,-0.027089246,0.013217815,open,0.37820237225119635,-0.33620955728376006,0.2076382082592013,0.997709846069397,0.03266512707553821,-0.033110034510144805,0.04906077543945869,0.07954466342926025,-0.01994822774880367,0.010682042716239959,0.11068431825920129,0.1129736966528664,-0.0014105039306029354,0.0035932150755382114,-0.006020788510144804,0.03584296043945869,0.0731033130836052
1752046820.5855334,9.016391515731812,178,0.4009826,-0.34535652,0.08572096,0.99931866,0.026232038,-0.021694068,0.014094302,open,0.37985026139903383,-0.33859676717133397,0.19537648853594783,0.9974587548493302,0.03349582014288796,-0.03814083992629215,0.049945170049526706,0.07954466342926025,-0.021132338600966194,0.0067597528286660324,0.10965552853594783,0.11187763374128278,-0.001859905150669805,0.007263782142887962,-0.01644677192629215,0.03585086804952671,0.08030509781250589
1752046820.6361253,9.066983461380005,179,0.40308502,-0.3435145,0.075037405,0.99949366,0.022489587,-0.017060297,0.014518368,open,0.3815942390650662,-0.3402595481835603,0.18324344131218,0.9972190221287425,0.03453334238425768,-0.04211092816380045,0.05082834669246413,0.07954466342926025,-0.02149078093493384,0.0032549518164396996,0.10820603631218001,0.11036754355748558,-0.002274637871257479,0.012043755384257684,-0.025050631163800453,0.036309978692464134,0.09157622073659624
1752046820.686774,9.117632150650024,180,0.40428418,-0.34121066,0.065697685,0.9995885,0.020407213,-0.014538329,0.013793971,open,0.38347424544513065,-0.341259894248758,0.170827374190815,0.9970978522238549,0.03448518678874938,-0.0446657617923633,0.05105678848944727,0.07954466342926025,-0.020809934554869347,-4.923424875802329e-05,0.105129689190815,0.10716952621686147,-0.0024906477761450496,0.014077973788749379,-0.0301274327923633,0.03726281748944727,0.10002211051812851
1752046820.7372391,9.168097257614136,181,0.40498236,-0.3387222,0.05780634,0.9996302,0.019915046,-0.013638792,0.012326679,open,0.38546879453487953,-0.3418036806429336,0.15855656363643467,0.99709839443356,0.033171187174243805,-0.04614632991763038,0.050598041164018975,0.07954466342926025,-0.019513565465120453,-0.0030814806429336206,0.10075022363643467,0.10266879916949412,-0.0025318055664400596,0.013256141174243806,-0.03250753791763038,0.038271362164018975,0.10400374917563146
1752046820.7878878,9.218745946884155,182,0.4052298,-0.3362398,0.0513261,0.99964267,0.02038669,-0.014105997,0.009755111,open,0.3874564471401211,-0.3419371494697346,0.14686926908817746,0.9971306284517968,0.03160633236247643,-0.047351570780362714,0.04984536255916889,0.07954466342926025,-0.017773352859878855,-0.005697349469734603,0.09554316908817746,0.09734910899578958,-0.00251204154820317,0.011219642362476433,-0.03324557378036271,0.040090251559168885,0.10668412127066992
1752046820.8382378,9.26909589767456,183,0.4050037,-0.3339655,0.04622647,0.99964154,0.020749442,-0.015394591,0.0066698445,open,0.38950321799941134,-0.3416845725042477,0.13525741220892157,0.9971929403619165,0.029759060265623152,-0.048265162788123935,0.04884971341691589,0.07954466342926025,-0.015500482000588678,-0.007719072504247693,0.08903094220892158,0.0906992706320439,-0.002448599638083526,0.009009618265623152,-0.032870571788123935,0.042179868916915886,0.10858218531388847
1752046820.8882957,9.319153785705566,184,0.4045857,-0.33231264,0.042815343,0.99961615,0.021558492,-0.016713496,0.004320738,open,0.39146874863576714,-0.3410423429775065,0.12431126914346355,0.9972660616335023,0.027904721043571643,-0.049050910207284894,0.04765417084444895,0.07954466342926025,-0.013116951364232854,-0.008729702977506526,0.08149592614346354,0.08300510890992192,-0.002350088366497749,0.006346229043571645,-0.03233741420728489,0.04333343284444895,0.10899617536115418
1752046820.9392247,9.37008285522461,185,0.40454054,-0.33153382,0.04149214,0.99960554,0.022357948,-0.016585128,0.0030034073,open,0.3933164111714067,-0.34010382181159843,0.11374090821536745,0.99731770295939,0.0264358359385095,-0.0498971526704377,0.04651885013229616,0.07954466342926025,-0.011224128828593305,-0.008570001811598449,0.07224876821536745,0.07361596639078746,-0.0022878370406099746,0.0040778879385095015,-0.0333120246704377,0.043515442832296164,0.1100168279531207
1752046820.9895725,9.420430660247803,186,0.404868,-0.33182868,0.04194665,0.9996078,0.022898816,-0.015657522,0.0031476368,open,0.39497645052676156,-0.3390410466594601,0.10418373430028517,0.9973481364194493,0.025288858094764,-0.05097686046879875,0.04531789647762036,0.07954466342926025,-0.009891549473238448,-0.007212366659460123,0.06223708430028517,0.06342961174414374,-0.0022596635805507415,0.0023900420947640007,-0.03531933846879875,0.042170259677620364,0.11022501028232617
1752046821.0403175,9.47117567062378,187,0.4055477,-0.33288568,0.04344753,0.99964106,0.02234267,-0.014014019,0.0041709053,open,0.3965431844853649,-0.33785845269905523,0.09532583463400236,0.9973365878449725,0.024862210222980092,-0.05235204327593588,0.0442272350975819,0.07954466342926025,-0.009004515514635103,-0.004972772699055217,0.051878304634002365,0.052888262021625596,-0.0023044721550274927,0.0025195402229800934,-0.03833802427593588,0.0400563297975819,0.11111761445558128
1752046821.090816,9.521674156188965,188,0.4067882,-0.33432263,0.046023592,0.999681,0.02169411,-0.011464688,0.0055733565,open,0.3978981561174692,-0.3367246187827143,0.08749889268255684,0.9973422306076251,0.024145708653150202,-0.05356161186003184,0.04303251580046833,0.07954466342926025,-0.008890043882530785,-0.002401988782714304,0.04147530068255684,0.0424853268441483,-0.002338769392374984,0.0024515986531502033,-0.04209692386003184,0.03745915930046833,0.1129191169136932
1752046821.1418366,9.572694778442383,189,0.4087676,-0.3359356,0.04983263,0.9997151,0.021163238,-0.007895026,0.007395601,open,0.3991592801147327,-0.3357926447639138,0.08064721003568925,0.9973170158183413,0.02393609704472978,-0.05480261749111491,0.04216266432679755,0.07954466342926025,-0.009608319885267336,0.0001429552360862063,0.03081458003568925,0.032278144153483276,-0.002398084181658655,0.002772859044729778,-0.04690759149111491,0.03476706332679755,0.1170214244639887
1752046821.1918063,9.622664451599121,190,0.41182712,-0.33783868,0.055615652,0.9997278,0.020794254,-0.0026165287,0.010016343,open,0.4003645498162152,-0.335005375132104,0.07513823977093873,0.9973372087953543,0.023145482701338153,-0.055474515771626355,0.041237613807104466,0.07954466342926025,-0.01146257018378477,0.0028333048678960138,0.019522587770938724,0.02281555532891192,-0.0023905912046457978,0.002351228701338151,-0.05285798707162635,0.031221270807104465,0.12298271636447085
1752046821.2425911,9.673449277877808,191,0.41612607,-0.33981162,0.06393422,0.9996795,0.020745344,0.004769632,0.013525128,open,0.4016062040298386,-0.33464774978658757,0.07066647002768836,0.9973477265618423,0.022570624633793702,-0.05585134775203879,0.04079081289771117,0.07954466342926025,-0.014519865970161416,0.005163870213412414,0.006732250027688361,0.016817111934209435,-0.0023317734381577138,0.0018252806337937036,-0.06062097975203879,0.02726568489771117,0.13309763651012618
1752046821.292626,9.72348403930664,192,0.4216828,-0.3417838,0.07538579,0.9995139,0.020941902,0.014591873,0.01776532,open,0.40294744526311194,-0.3346271784574477,0.06751135655234396,0.9973071856274363,0.023180641208355914,-0.05609797340774787,0.04110032664521771,0.07954466342926025,-0.018735354736888088,0.0071566215425523105,-0.007874433447656037,0.021546170219830782,-0.0022067143725637006,0.002238739208355916,-0.07068984640774788,0.02333500664521771,0.14905107181489652
1752046821.3443272,9.775185346603394,193,0.4281904,-0.34360725,0.08979121,0.99916524,0.021348782,0.026523756,0.02246607,open,0.4046563481143209,-0.33489681660357384,0.06555667028612747,0.9972711989638173,0.02427011878760142,-0.05554716215390235,0.042081037051371575,0.07954466342926025,-0.02353405188567914,0.008710433396426132,-0.02423453971387253,0.03488604539432176,-0.0018940410361826254,0.002921336787601418,-0.08207091815390236,0.019614967051371574,0.16895895314023515
1752046821.3938565,9.824714660644531,194,0.43578586,-0.34493724,0.10778598,0.99855125,0.022001456,0.040736057,0.027333152,open,0.40670058155088307,-0.3353650667773882,0.06513956843254942,0.9972717671937948,0.02520696812872864,-0.054166416018974775,0.04329912376270217,0.07954466342926025,-0.029085278449116958,0.00957217322261178,-0.04264641156745058,0.052500441352875654,-0.0012794828062051566,0.0032055121287286395,-0.09490247301897478,0.015965971762702168,0.1926709503723857
1752046821.444066,9.874924182891846,195,0.44281816,-0.34476262,0.12721346,0.99782664,0.022585412,0.054141697,0.029929,open,0.4092883222485079,-0.33609778879418967,0.06632437929900496,0.9973140505854007,0.025896362852810623,-0.05180728732911435,0.044780032741633245,0.07954466342926025,-0.0335298377514921,0.008664831205810353,-0.06088908070099504,0.07004862217116663,-0.0005125894145993071,0.003310950852810624,-0.10594898432911434,0.014851032741633245,0.2141772741751222
1752046821.4956784,9.926536560058594,196,0.44862816,-0.34233147,0.1478142,0.99717027,0.023435699,0.065417185,0.028600007,open,0.41281186431689926,-0.3372899544062615,0.0691080034717806,0.9973847127295662,0.0264623673522937,-0.048290267336732036,0.046762285250975755,0.07954466342926025,-0.03581629568310074,0.005041515593738499,-0.0787061965282194,0.08661922008353519,0.0002144427295661666,0.003026668352293701,-0.11370745233673205,0.018162278250975755,0.23050571424934693
1752046821.5458906,9.976748704910278,197,0.4528688,-0.33741662,0.16925699,0.9967032,0.024448253,0.0738877,0.022822004,open,0.41701649316547024,-0.3386382837393279,0.07334891451803424,0.9974799285284254,0.026839785765343818,-0.043577455314174104,0.049087744789703736,0.07954466342926025,-0.03585230683452978,-0.0012216637393279162,-0.09590807548196575,0.10239745753827924,0.0007767285284253633,0.002391532765343818,-0.1174651553141741,0.026265740789703736,0.2409305726034525
1752046821.5962143,10.027072429656982,198,0.45526153,-0.3302771,0.19036515,0.99641436,0.027250921,0.0789686,0.013228872,open,0.4216564507986509,-0.33978108505557186,0.07922888699812317,0.9975876356894614,0.02713998822980734,-0.03764746101356715,0.051576951996059585,0.07954466342926025,-0.03360507920134914,-0.009503985055571873,-0.11113626300187684,0.11649418884256768,0.0011732756894613505,-0.00011093277019266073,-0.11661606101356714,0.03834807999605959,0.24568523718419932
1752046821.6469,10.077758073806763,199,0.45620823,-0.3214002,0.21162488,0.99612206,0.03216908,0.08184908,0.0013680102,open,0.4266035937870611,-0.3404440806893923,0.0871389706708909,0.9976997614781169,0.027328046652221653,-0.030358937155249045,0.05405443403025606,0.07954466342926025,-0.029604636212938906,-0.01904388068939228,-0.12448590932910909,0.1293670958880481,0.0015777014781168663,-0.004841033347778349,-0.11220801715524906,0.05268642383025606,0.2482924260375823
1752046821.697586,10.128444194793701,200,0.45641366,-0.31186464,0.23327425,0.99565285,0.03855175,0.08412484,-0.010360204,open,0.4314940695594461,-0.3403337472081377,0.09692821303800518,0.9977814544359284,0.027713539007983717,-0.022207313523004767,0.05626852720943902,0.07954466342926025,-0.024919590440553918,-0.028469107208137667,-0.13634603696199482,0.141498119592435,0.0021286044359283274,-0.010838210992016286,-0.10633215352300478,0.06662873120943902,0.2521032833649951
1752046821.7483368,10.179194927215576,201,0.4562646,-0.30269036,0.25509307,0.9949913,0.045737844,0.08657592,-0.020002674,open,0.43620970350178423,-0.3392572606702283,0.10851448935103414,0.9978286762656673,0.028411645420970553,-0.013986797441265615,0.05770843546229275,0.07954466342926025,-0.02005489649821579,-0.03656690067022833,-0.14657858064896584,0.15239625127687975,0.0028373762656672685,-0.017326198579029447,-0.10056271744126562,0.07771110946229275,0.25677096488907936
1752046821.798735,10.22959303855896,202,0.45564526,-0.29360545,0.2762333,0.9943319,0.050777584,0.08892245,-0.0285246,open,0.4403852474370766,-0.3371249572001531,0.12147788866753773,0.9978558148585306,0.029419896901007478,-0.006314834543978414,0.05808225031943653,0.07954466342926025,-0.01526001256292342,-0.04351950720015313,-0.1547554113324623,0.16148081256621283,0.0035239148585305413,-0.021357687098992523,-0.09523728454397841,0.08660685031943653,0.2612568749574801
1752046821.8488557,10.279713869094849,203,0.4550162,-0.28381568,0.2964435,0.9937639,0.052943252,0.09102354,-0.03660889,open,0.44401366414297644,-0.3339291517737528,0.13606696889123926,0.9978920713197316,0.03068390319996842,0.0004649929032869912,0.05713911107506111,0.07954466342926025,-0.011002535857023543,-0.050113471773752805,-0.16037653110876077,0.16838363215877936,0.004128171319731533,-0.022259348800031584,-0.09055854709671302,0.09374800107506111,0.26478466567931064
1752046821.899282,10.330140113830566,204,0.45468602,-0.27309313,0.31570488,0.99338555,0.052493215,0.09217911,-0.043906596,open,0.4470947673783438,-0.32967925520257974,0.15228781229885407,0.9979342785385761,0.0322963282966104,0.006621249378191616,0.05509504164351415,0.07954466342926025,-0.007591252621656219,-0.05658612520257972,-0.16341706770114595,0.17310330643245594,0.00454872853857613,-0.0201968867033896,-0.08555786062180838,0.09900163764351415,0.2651481790507364
1752046821.9493444,10.380202531814575,205,0.45415515,-0.26162454,0.3336569,0.993321,0.051355306,0.09085421,-0.049159706,open,0.449575041791836,-0.32457611101990125,0.16946629158468007,0.997966648822105,0.03430136499235019,0.012113883592746812,0.05229167274527089,0.07954466342926025,-0.004580108208164013,-0.06295157101990123,-0.1641906084153199,0.17590461499592636,0.004645648822104942,-0.017053941007649814,-0.07874032640725319,0.10145137874527088,0.25944948014498115
1752046822.0003703,10.431228399276733,206,0.4531735,-0.25024527,0.34970146,0.99380386,0.050165202,0.08571442,-0.049855113,open,0.45145457207102085,-0.31834357116034506,0.1879159593653112,0.997976546232057,0.03681678172320967,0.017363476111086032,0.04879577443726489,0.07954466342926025,-0.0017189279289791526,-0.06809830116034504,-0.16178550063468883,0.1755416803775302,0.004172686232057021,-0.013348420276790326,-0.06835094388891397,0.09865088743726488,0.24180412005275279
1752046822.0517654,10.48262357711792,207,0.4518556,-0.23900458,0.3655192,0.99483985,0.049617328,0.07679427,-0.043926843,open,0.45272043269378187,-0.31120086886786813,0.20701340439434712,0.9979744432483489,0.03921207251732059,0.022675587936024318,0.044614134250961536,0.07954466342926025,0.0008648326937818474,-0.07219628886786814,-0.15850579560565287,0.1741755990443607,0.0031345932483489714,-0.010405255482679412,-0.05411868206397568,0.08854097725096154,0.20877140418340218
1752046822.1014557,10.532313823699951,208,0.45028675,-0.22843185,0.38001654,0.99606854,0.04989026,0.06580205,-0.031995323,open,0.4534934417691119,-0.303486915402369,0.2260361139083457,0.9979716442728275,0.040882432541365775,0.028357774815583613,0.03965147120777649,0.07954466342926025,0.003206691769111869,-0.075055065402369,-0.15398042609165433,0.17132868216975056,0.0019031042728274716,-0.009007827458634224,-0.037444275184416384,0.07164679420777649,0.16277330160330752
1752046822.1524713,10.583329439163208,209,0.44901574,-0.2178925,0.39419794,0.9971157,0.049781732,0.054923203,-0.016148133,open,0.4538363015442933,-0.29509682855214997,0.24558179853840717,0.9978724420046464,0.04345465144814466,0.033919760634860845,0.034740612659920844,0.07954466342926025,0.004820561544293278,-0.07720432855214998,-0.14861614146159285,0.16754254284725065,0.0007567420046463713,-0.006327080551855345,-0.021003442365139152,0.05088874565992084,0.1108551266956576
1752046822.2028365,10.633694648742676,210,0.44822714,-0.20603913,0.4073147,0.9978164,0.047616106,0.04570578,-0.0011415955,open,0.45374661308018827,-0.2863935644309375,0.2645394595817625,0.9976860770698135,0.046760954920205905,0.03906234685320159,0.03008677288825676,0.07954466342926025,0.005519473080188242,-0.08035443443093751,-0.14277524041823747,0.1639270233740742,-0.00013032293018655494,-0.0008551510797940934,-0.006643433146798411,0.03122836838825676,0.06388070473954009
1752046822.2532694,10.684127569198608,211,0.44790328,-0.19160184,0.41856235,0.9982504,0.043926876,0.038419243,0.009253119,open,0.45322546562923177,-0.2771780446094569,0.2835005047290353,0.9973750628352771,0.051174787753067406,0.044063117794510484,0.02603345565363587,0.07954466342926025,0.005322185629231757,-0.08557620460945689,-0.1350618452709647,0.15997910645840488,-0.000875337164722878,0.00724791175306741,0.005643874794510485,0.01678033665363587,0.038301146427352356
1752046822.303688,10.734546184539795,212,0.44798294,-0.17419176,0.42786387,0.99864,0.037922174,0.033213675,0.013120066,open,0.45252307524598695,-0.2677558456274345,0.3015546135711894,0.9969729707860028,0.05593562466072975,0.048774635831365556,0.02307179806859729,0.07954466342926025,0.004540135245986954,-0.09356408562743448,-0.12630925642881058,0.15725418661183163,-0.0016670292139971954,0.01801345066072975,0.015560960831365558,0.009951732068597289,0.05171012714488329
1752046822.3543735,10.785231590270996,213,0.4476856,-0.1556333,0.43498,0.99907917,0.029339364,0.027275255,0.015205555,open,0.4515501704252743,-0.2576549914775532,0.31922429750498327,0.9966073972788861,0.059405038729332386,0.05294444990247423,0.02089956667913603,0.07954466342926025,0.003864570425274272,-0.10202169147755322,-0.11575570249501671,0.1543461794040519,-0.002471772721113874,0.030065674729332387,0.02566919490247423,0.005694011679136029,0.08004012260923325
1752046822.4052827,10.836140871047974,214,0.44718152,-0.13678406,0.4403417,0.99942476,0.019121122,0.02114477,0.018238176,open,0.45060172895388684,-0.24665739278773172,0.33591159629000567,0.9963671686035654,0.060737790829044166,0.05637947808662597,0.019491263696631556,0.07954466342926025,0.0034202089538868385,-0.1098733327877317,-0.10443010370999434,0.15162286650783272,-0.003057591396434578,0.04161666882904416,0.03523470808662597,0.001253087696631558,0.10927227903547825
1752046822.455669,10.886527061462402,215,0.4471108,-0.117790714,0.44452307,0.9995726,0.0079936925,0.016680537,0.022531265,open,0.4497069675441399,-0.2349410641172993,0.3511464040782253,0.996353356552979,0.05879757462000322,0.058965586759414615,0.018467907901098177,0.07954466342926025,0.002596167544139938,-0.11715035011729928,-0.09337666592177474,0.149833729037189,-0.0032192434470210696,0.050803882120003224,0.04228504975941462,-0.004063357098901824,0.1326283045924871
1752046822.505785,10.936643123626709,216,0.44779024,-0.09888493,0.44812384,0.9994874,-0.0036727504,0.015090458,0.027908223,open,0.4489533116879243,-0.22221473867052766,0.36510836475821784,0.9965174511749011,0.05416839285937952,0.06084941250623354,0.017643021183640095,0.07954466342926025,0.0011630716879242886,-0.12332980867052766,-0.08301547524178216,0.1486713273367772,-0.0029699488250989337,0.05784114325937952,0.04575895450623354,-0.010265201816359905,0.1490808349035314
1752046822.5563467,10.987204790115356,217,0.44958052,-0.080193624,0.4513191,0.9991642,-0.014870764,0.01693549,0.034030084,open,0.44831555901832437,-0.20823933060220826,0.3780471362987653,0.9967662180189467,0.04803366632305281,0.06205950685943988,0.017136704719391996,0.07954466342926025,-0.0012649609816756113,-0.12804570660220826,-0.07327196370123468,0.1475333310482042,-0.002397981981053232,0.0629044303230528,0.04512401685943988,-0.016893379280608006,0.1585888421086021
1752046822.6063461,11.037204265594482,218,0.45176855,-0.061947733,0.45396686,0.99867314,-0.024793953,0.02060831,0.040095635,open,0.44787833866206955,-0.193617562388874,0.38947740020026006,0.9970523109865647,0.04095620857247955,0.06258349369785686,0.016963579595564125,0.07954466342926025,-0.003890211337930438,-0.131669829388874,-0.06448945979973997,0.1466661792671072,-0.0016208290134352987,0.06575016157247955,0.041975183697856855,-0.023132055404435872,0.16280551853110317
1752046822.6572278,11.088085889816284,219,0.4537119,-0.04402729,0.45543888,0.99822533,-0.032564085,0.023712886,0.043801848,open,0.44765909847592783,-0.1782536399227274,0.39962673101608204,0.9973245565219134,0.033350904305933286,0.0626558900720681,0.017345515248020686,0.07954466342926025,-0.006052801524072171,-0.13422634992272742,-0.05581214898391795,0.14549345481522985,-0.0009007734780865917,0.06591498930593329,0.03894300407206809,-0.02645633275197931,0.16205820804639007
1752046822.7080798,11.138937950134277,220,0.4553183,-0.025100237,0.4557705,0.9978982,-0.040532637,0.0263309,0.043106087,open,0.4477155210997157,-0.16189191958215732,0.4087194819885581,0.9975671251321796,0.02479302405569635,0.06245901797924088,0.01841715547325683,0.07954466342926025,-0.007602778900284324,-0.13679168258215732,-0.0470510180114419,0.14485705011002165,-0.0003310748678203579,0.06532566105569636,0.036128117979240884,-0.02468893152674317,0.15729657918868292
1752046822.7585907,11.189448833465576,221,0.45648897,-0.006474786,0.455096,0.9977255,-0.049212765,0.028045466,0.036477134,open,0.4479597278905431,-0.1449900250253074,0.4167113833130377,0.997740464616697,0.015905490243133084,0.062080795128365084,0.02005345361103145,0.07954466342926025,-0.00852924210945688,-0.13851523902530738,-0.0383846166869623,0.14398818774956781,1.496461669692195e-05,0.06511825524313308,0.034035329128365086,-0.01642368038896855,0.1506152088600198
1752046822.8083966,11.239254713058472,222,0.4573044,0.01141123,0.45388967,0.99764186,-0.056832377,0.028638452,0.02560918,open,0.44846587531491944,-0.12786513866132013,0.42325356941891884,0.9978214952084843,0.007239768864028675,0.06169647894162458,0.02210385445235207,0.07954466342926025,-0.008838524685080562,-0.13927636866132012,-0.030636100581081183,0.14287965931127794,0.0001796352084842967,0.06407214586402868,0.03305802694162459,-0.003505325547647927,0.1443978062144463
1752046822.859334,11.290192127227783,223,0.45775288,0.027007598,0.4526609,0.9976432,-0.06088936,0.028331181,0.0138958655,open,0.4490618840180882,-0.10988867749750007,0.428764051861104,0.9978165745301276,-0.0016446854556397116,0.06121763374830009,0.024636692351666104,0.07954466342926025,-0.008690995981911753,-0.13689627549750008,-0.023896848138895976,0.13923786484724085,0.0001733745301276679,0.05924467454436028,0.032886452748300085,0.010740826851666104,0.13724016338647205
1752046822.9098508,11.34070897102356,224,0.45814565,0.039529853,0.45189467,0.9978196,-0.059527107,0.027953388,0.005133978,open,0.4497208307150995,-0.09211658681167784,0.43310873193705884,0.9977049355814035,-0.01024632010983311,0.061051090691165336,0.027346388438029896,0.07954466342926025,-0.00842481928490052,-0.13164643981167784,-0.018785938062941154,0.13324666661488238,-0.00011466441859653287,0.04928078689016689,0.03309770269116534,0.022212410438029895,0.12678837940578538
1752046822.959924,11.390782117843628,225,0.45841956,0.046572212,0.4517877,0.9980985,-0.05474412,0.028039884,0.003380447,open,0.45042743239276944,-0.07422891586409677,0.4365091748116444,0.9975187859950361,-0.018122974453165467,0.06102319294693402,0.02998640391715315,0.07954466342926025,-0.00799212760723056,-0.12080112786409677,-0.015278525188355596,0.12202548884908977,-0.0005797140049639271,0.03662114554683453,0.03298330894693402,0.026605956917153152,0.11203670111628294
1752046823.01032,11.4411780834198,226,0.4585974,0.0500839,0.45191765,0.9982748,-0.05117534,0.028337428,0.0045487103,open,0.4511440204341716,-0.05639894365685568,0.4391175680811533,0.9972842359075972,-0.025136490850541475,0.06104698628531198,0.03256929148271105,0.07954466342926025,-0.007453379565828366,-0.10648284365685567,-0.012800081918846684,0.10750809717101248,-0.0009905640924028347,0.026038849149458525,0.03270955828531198,0.02802058118271105,0.1006899907975618
1752046823.061382,11.492240190505981,227,0.45883027,0.051797237,0.45217612,0.9983506,-0.04944549,0.02865814,0.0050024246,open,0.45185465470372754,-0.039542592476299876,0.4411129211555776,0.9970482692118833,-0.03029895014577652,0.06139181161821012,0.03468357255333815,0.07954466342926025,-0.006975615296272442,-0.09133982947629987,-0.011063198844422417,0.09227143667567098,-0.0013023307881167012,0.01914653985422348,0.03273367161821012,0.02968114795333815,0.09635787688682151
1752046823.1117675,11.542625665664673,228,0.45897952,0.052026432,0.45207423,0.9983692,-0.049150903,0.02852303,0.0049688816,open,0.45257342269671197,-0.02440428970595893,0.4426074607833397,0.9968394718012535,-0.03344300211801977,0.06198384714344672,0.03668537918830274,0.07954466342926025,-0.006406097303288005,-0.07643072170595892,-0.009466769216660342,0.07728074160199579,-0.0015297281987464162,0.015707900881980236,0.03346081714344672,0.031716497588302736,0.0974704528759279
1752046823.1623986,11.593256711959839,229,0.4591594,0.05134584,0.4515622,0.9983607,-0.049705207,0.02790584,0.0046702554,open,0.45328124110030277,-0.01081784948644623,0.4437741975274936,0.9966904400464178,-0.03536519656405019,0.06254276019791011,0.03796120889766713,0.07954466342926025,-0.005878158899697228,-0.062163689486446225,-0.007788002472506439,0.06292479658393153,-0.001670259953582165,0.014340010435949811,0.03463692019791011,0.03329095349766713,0.1003388145661483
1752046823.2128098,11.643667936325073,230,0.45945537,0.05045174,0.45081425,0.99835867,-0.05028527,0.026998559,0.0041935197,open,0.45386502807923224,0.0007382544122437017,0.44478582899648633,0.9965819027619087,-0.036771502919008374,0.06316435178768766,0.03844232658001756,0.07954466342926025,-0.0055903419207677385,-0.049713485587756304,-0.006028421003513695,0.050388733183825446,-0.0017767672380912813,0.013513767080991626,0.03616579278768766,0.03424880688001756,0.10329239800041863
1752046823.2638562,11.694714307785034,231,0.45969012,0.0496341,0.45026413,0.99833876,-0.051065136,0.02632753,0.0037596626,open,0.4543578804986164,0.010432719983166026,0.4455751161401126,0.9965053659764136,-0.03783521381181539,0.063828692258685,0.03829660538496163,0.07954466342926025,-0.005332239501383562,-0.03920138001683397,-0.004689013859887403,0.03983927489679702,-0.0018333940235863988,0.013229922188184605,0.037501162258684995,0.03453694278496163,0.10541700534579271
1752046823.3143547,11.74521279335022,232,0.4598625,0.049093947,0.44985402,0.99832743,-0.05156502,0.025826512,0.0034067102,open,0.45479627378279736,0.018340157512832734,0.4460778204585676,0.9964810703156154,-0.03843629886875339,0.06449529881136752,0.03719762632235258,0.07954466342926025,-0.005066226217202652,-0.030753789487167265,-0.0037761995414324345,0.03139620835199031,-0.0018463596843846242,0.013128721131246614,0.038668786811367525,0.03379091612235258,0.10608574937289447
1752046823.3653936,11.796251773834229,233,0.45999607,0.048930112,0.44948125,0.99833226,-0.051690433,0.025412362,0.003192429,open,0.45514519699749484,0.024503022413269758,0.4464053529974385,0.9964783259736174,-0.03889040145119312,0.06511998495535941,0.03567981880294424,0.07954466342926025,-0.0048508730025051405,-0.02442708958673024,-0.0030758970025615007,0.025093322158194695,-0.0018539340263825643,0.012800031548806878,0.03970762295535941,0.032487389802944244,0.1058313846185372
1752046823.4157946,11.846652746200562,234,0.46012428,0.04895525,0.449161,0.9983431,-0.051627383,0.025128333,0.0030662627,open,0.455414967328251,0.029336673610747134,0.4465914868285382,0.9964872677870608,-0.03960043331589708,0.06556004948907747,0.033793340040048726,0.07954466342926025,-0.004709312671749011,-0.019618576389252865,-0.002569513171461757,0.02033884370655228,-0.001855832212939279,0.012026949684102922,0.040431716489077466,0.030727077340048727,0.104452892785308
1752046823.4663515,11.897209644317627,235,0.46021023,0.04891559,0.44888052,0.99835074,-0.051637016,0.024818039,0.0029478874,open,0.4556490289125793,0.033133581166076405,0.4466723099238691,0.9965190662332596,-0.04038059168471142,0.06576654880095426,0.03144993332647852,0.07954466342926025,-0.0045612010874206965,-0.015782008833923597,-0.002208210076130923,0.01657566137245378,-0.001831673766740427,0.011256424315288581,0.040948509800954255,0.028502045926478516,0.10236784023862994
1752046823.5170279,11.947885990142822,236,0.4602976,0.048867814,0.44857138,0.99835867,-0.051657755,0.024467884,0.0028151984,open,0.4558831542714683,0.03604073932581018,0.44668455416894715,0.996583762922823,-0.0405965649506092,0.06578283421216176,0.028991720037350066,0.07954466342926025,-0.0044144457285316685,-0.012827074674189823,-0.001886825831052874,0.013696031815972166,-0.0017749070771769793,0.011061190049390802,0.04131495021216176,0.026176521637350066,0.10036286500276313
1752046823.5674422,11.998300313949585,237,0.46037245,0.048833102,0.448218,0.99836904,-0.051658534,0.024054984,0.002687461,open,0.4561573979165852,0.03823901002909247,0.446641352473214,0.996655766951381,-0.04051395397371743,0.06567462829146777,0.026794097918799487,0.07954466342926025,-0.004215052083414772,-0.010594091970907535,-0.0015766475267859903,0.01151031129803478,-0.0017132730486190129,0.011144580026282568,0.041619644291467764,0.02410663691879949,0.09881234578361558
1752046823.6178162,12.04867434501648,238,0.46049085,0.048798412,0.44777352,0.9983822,-0.05164901,0.02354234,0.0025082398,open,0.4564462466792047,0.0399575086744881,0.44651757856759733,0.996729242254037,-0.040392773454519436,0.0654437700847185,0.024729198180538706,0.07954466342926025,-0.004044603320795315,-0.0088409033255119,-0.0012559414324026519,0.009802947338186688,-0.0016529577459629685,0.011256236545480566,0.0419014300847185,0.022220958380538707,0.09755858157499903
1752046823.6684003,12.099258422851562,239,0.4606191,0.048731517,0.44728085,0.9983951,-0.051666398,0.02297173,0.0023056837,open,0.45677948839862975,0.0413279537379978,0.4463425522052926,0.9967985598025975,-0.04053648529518192,0.06511484174742999,0.022464653604163262,0.07954466342926025,-0.003839611601370252,-0.0074035632620022,-0.0009382977947073878,0.008392602038426369,-0.0015965401974025184,0.011129912704818085,0.04214311174742999,0.020158969904163264,0.0961104635905077
1752046823.7187755,12.149633646011353,240,0.46075064,0.048690643,0.4467638,0.9984095,-0.051658157,0.022373993,0.0020992795,open,0.4570650367178004,0.042405596628673124,0.44608921897761017,0.9968598609986917,-0.040943248563356315,0.06468569355288101,0.020124799595082784,0.07954466342926025,-0.0036856032821995788,-0.0062850463713268745,-0.0006745810223898197,0.007317140083342529,-0.0015496390013082229,0.010714908436643689,0.04231170055288101,0.018025520095082785,0.09450579471109434
1752046823.7694752,12.2003333568573,241,0.46089014,0.04864774,0.4462141,0.9984244,-0.051650133,0.021740424,0.0018776014,open,0.4572961531942459,0.04318337043648805,0.4458221495543406,0.9969070144637666,-0.04133168240756817,0.06426867899369933,0.01824313216258766,0.07954466342926025,-0.0035939868057541235,-0.005464369563511949,-0.00039195044565942805,0.00655207608612897,-0.0015173855362333732,0.010318450592431833,0.042528254993699326,0.01636553076258766,0.09350218265147019
1752046823.820342,12.251200199127197,242,0.4610277,0.048578054,0.44568914,0.9984369,-0.051666796,0.021133136,0.0016593764,open,0.45749258925730324,0.04376770240888147,0.4455755742391214,0.9969444093981181,-0.04158251516568904,0.0638999998439354,0.0168732732620479,0.07954466342926025,-0.0035351107426967454,-0.0048103515911185335,-0.00011356576087856451,0.005970710809891103,-0.0014924906018818351,0.010084280834310962,0.04276686384393541,0.015213896862047898,0.0930545776676118
1752046823.8708158,12.301673889160156,243,0.46114874,0.048533842,0.4452134,0.9984488,-0.05166536,0.020583726,0.0014687425,open,0.4576491771285409,0.04426275904042786,0.44531509223317933,0.996977591375084,-0.04179956492033604,0.06353560446879529,0.01571253876387453,0.07954466342926025,-0.003499562871459083,-0.0042710829595721395,0.00010169223317935128,0.0055226290160693805,-0.0014712086249160095,0.00986579507966396,0.04295187846879529,0.014243796263874531,0.09268533153148721
1752046823.921497,12.352355241775513,244,0.46126398,0.048491675,0.44476485,0.99845964,-0.05166493,0.020065622,0.0012858203,open,0.4577622044208346,0.04469436336652301,0.4450090104558258,0.9970089082046912,-0.042109231451942335,0.06312497990812106,0.01450739861388844,0.07954466342926025,-0.0035017755791654226,-0.0037973116334769907,0.0002441604558258148,0.005171230238228432,-0.0014507317953087462,0.009555698548057663,0.04305935790812106,0.013221578313888439,0.09214597360240795
1752046823.9717858,12.402643918991089,245,0.4613897,0.04844816,0.44427076,0.99847126,-0.05166268,0.019495105,0.0010829305,open,0.45787303712745686,0.04497339547669692,0.4446874337622823,0.9970379914263825,-0.04229228191923259,0.06271773923682125,0.013721143143032967,0.07954466342926025,-0.0035166628725431526,-0.0034747645233030797,0.0004166737622823269,0.004961302578527503,-0.0014332685736174744,0.009370398080767416,0.04322263423682125,0.012638212643032967,0.09204701577519281
1752046824.0232377,12.454095840454102,246,0.46154487,0.0483913,0.44364393,0.99848574,-0.051655952,0.018771723,0.0008343679,open,0.4579858752395779,0.045169398819000506,0.4443471141563824,0.9970668431780095,-0.042369599500824015,0.06231120103970964,0.013229493890391424,0.07954466342926025,-0.003558994760422096,-0.0032219011809994924,0.0007031841563823749,0.004851964435424589,-0.0014188968219904785,0.009286352499175983,0.043539478039709645,0.012395125990391423,0.09247629078229938
1752046824.073859,12.504717111587524,247,0.46174997,0.048319086,0.44281492,0.9985037,-0.051651675,0.017815402,0.00050059374,open,0.45810506314512506,0.0453313127564081,0.44397289790281064,0.9970978035495155,-0.042403845985155224,0.06187136652807792,0.012845077004839086,0.07954466342926025,-0.003644906854874952,-0.0029877732435918958,0.0011579779028106363,0.004853148231739452,-0.0014058964504845006,0.009247829014844777,0.04405596452807792,0.012344483264839086,0.09340706895276148
1752046824.1242328,12.55509090423584,248,0.4619953,0.04821465,0.4418041,0.9985236,-0.051658787,0.016648417,9.3729956e-05,open,0.4582545502651671,0.045460994987644845,0.4435522571444086,0.9971314902985896,-0.042445846297595825,0.06137467500510824,0.012468698218378847,0.07954466342926025,-0.0037407497348329044,-0.0027536550123551523,0.0017481571444086241,0.004963051269860913,-0.001392109701410349,0.009212940702404172,0.04472625800510824,0.012374968262378846,0.09467467330539218
