timestamp,playback_time,step_index,ref_eef_pos_x,ref_eef_pos_y,ref_eef_pos_z,ref_eef_quat_x,ref_eef_quat_y,ref_eef_quat_z,ref_eef_quat_w,ref_gripper_state,actual_eef_pos_x,actual_eef_pos_y,actual_eef_pos_z,actual_eef_quat_x,actual_eef_quat_y,actual_eef_quat_z,actual_eef_quat_w,actual_gripper_width,pos_error_x,pos_error_y,pos_error_z,pos_error_norm,quat_error_x,quat_error_y,quat_error_z,quat_error_w,orientation_error_angle
1751555904.5670598,0.05004549026489258,0,0.39057484,0.0012779481,0.42818627,0.99991584,-0.0026567334,0.007884474,0.009706964,open,0.4603449802635306,0.04524163399079633,0.43817623481897283,0.9979797742431945,-0.04038389403542271,0.047141163826735825,0.013356676142384396,0.07953021675348282,0.06977014026353062,0.04396368589079633,0.009989964818972852,0.08306911307207786,-0.001936065756805494,-0.03772716063542271,0.03925668982673582,0.0036497121423843953,0.10921997275435354
1751555904.6179435,0.10092926025390625,1,0.3905716,0.0012860938,0.42819953,0.9999157,-0.0026450586,0.007902631,0.009709661,open,0.45985282304456987,0.04467514766508753,0.4378433914465189,0.9980059996813648,-0.04063839430158986,0.04621257019715846,0.01386082918154366,0.07953021675348282,0.06928122304456985,0.04338905386508753,0.009643861446518909,0.08231343708932679,-0.0019097003186351325,-0.03799333570158986,0.03830993919715846,0.0041511681815436605,0.10830983408286615
1751555904.6681051,0.1510908603668213,2,0.39056432,0.0012962735,0.42824975,0.99991524,-0.0026400664,0.007966994,0.009707686,open,0.4577975143759579,0.04242508556388779,0.4368329801093269,0.9981362884836464,-0.040749546689937674,0.04273004533381567,0.01525601396308001,0.07953021675348282,0.06723319437595787,0.04112881206388779,0.008583230109326934,0.07928148237067463,-0.001778951516353544,-0.03810948028993767,0.03476305133381567,0.00554832796308001,0.10383389054045954
1751555904.7185943,0.20158004760742188,3,0.3905602,0.0013730241,0.4282901,0.99991494,-0.0025756906,0.008028089,0.009704851,open,0.4545353798822349,0.03900886008464532,0.43574018599874986,0.9983548581270899,-0.039761710836258776,0.037935725320826376,0.016206277086317087,0.07953087240457535,0.06397517988223489,0.037635835984645316,0.007450085998749856,0.07459747698559385,-0.001560081872910124,-0.03718602023625878,0.029907636320826374,0.0065014260863170865,0.09638319080966802
1751555904.7691731,0.25215888023376465,4,0.39056638,0.0016790683,0.4282691,0.9999154,-0.0023212216,0.008018806,0.009731261,open,0.45039465425064973,0.03487422881931673,0.43483303559082076,0.9986661321258653,-0.036220278048450884,0.03275862388651303,0.016616285220719333,0.07953087240457535,0.05982827425064974,0.03319516051931673,0.006563935590820746,0.06873446247810923,-0.0012492678741347074,-0.033899056448450884,0.02473981788651303,0.0068850242207193334,0.08509878226724597
1751555904.8189435,0.301929235458374,5,0.3905652,0.0023087198,0.42822292,0.9999141,-0.0015980145,0.007967341,0.010047219,open,0.4458622284447827,0.030639051565376225,0.4340888216948998,0.9989976105457972,-0.030542642759268428,0.027964684709947004,0.016854664314029322,0.07953087240457535,0.05529702844478268,0.028330331765376224,0.005865901694899811,0.06240815536012596,-0.0009164894542028623,-0.028944628259268426,0.019997343709947005,0.006807445314029322,0.07169408096221598
1751555904.869592,0.35257768630981445,6,0.39056167,0.0033232418,0.4282519,0.99990994,-0.00042327814,0.008017126,0.010530308,open,0.44096057947300976,0.026315963604137127,0.43320939219903587,0.9992677062922383,-0.024643356584201272,0.023787755751752866,0.016913976136628307,0.07953087240457535,0.050398909473009734,0.022992721804137126,0.004957492199035851,0.05561737193480626,-0.0006422337077617302,-0.024220078444201272,0.015770629751752866,0.006383668136628306,0.059213406409760784
1751555904.9201355,0.4031212329864502,7,0.39055982,0.0048610377,0.42825434,0.9999012,0.0013421845,0.008052884,0.011231461,open,0.4360556352241957,0.022280301141811502,0.4323561586483706,0.9994541289012765,-0.019860074394716536,0.0202245495965134,0.01682777651451746,0.07953087240457535,0.04549581522419571,0.0174192634418115,0.004101818648370614,0.048888903219375966,-0.00044707109872355044,-0.021202258894716535,0.0121716655965134,0.005596315514517459,0.05016930787660384
1751555904.9705737,0.45355939865112305,8,0.3906745,0.00699454,0.42844585,0.99988455,0.0035803642,0.008321056,0.012001572,open,0.43143931693764714,0.018880158329253702,0.4317318307216622,0.9995687077001886,-0.01653638913842576,0.017418681320162274,0.016754741021252427,0.07953087240457535,0.040764816937647164,0.011885618329253701,0.003285980721662196,0.04258915228472753,-0.00031584229981140854,-0.02011675333842576,0.009097625320162273,0.004753169021252427,0.04517375619301569
1751555905.0210435,0.5040292739868164,9,0.3909873,0.00963442,0.42901868,0.99984795,0.006409666,0.009160759,0.013198824,open,0.42702301349731187,0.016088980982875017,0.43096657718160114,0.999646610446982,-0.01387185235736464,0.01509005196256732,0.016783981680829143,0.07953087240457535,0.03603571349731188,0.006454560982875017,0.0019478971816011548,0.0366609916419631,-0.00020133955301804285,-0.02028151835736464,0.00592929296256732,0.0035851576808291433,0.04286771308076734
1751555905.071433,0.5544188022613525,10,0.39140874,0.012825754,0.43000132,0.9997828,0.00991215,0.010302298,0.015003388,open,0.42303024222392405,0.014072362188275163,0.4304756886639467,0.9996962774876708,-0.01204289679352524,0.013049420048347563,0.016947567794347095,0.07953087240457535,0.03162150222392407,0.0012466081882751626,0.0004743686639466782,0.031649620226821745,-8.652251232921238e-05,-0.021955046793525237,0.002747122048347563,0.0019441797943470958,0.04442435155045924
1751555905.1215637,0.6045494079589844,11,0.3919228,0.016718164,0.43130726,0.9996771,0.014159295,0.011780498,0.017364271,open,0.4194055135654571,0.012758652311416629,0.430118093649565,0.9997276606412798,-0.010788941878322173,0.011193790011851354,0.017265239314386047,0.07953087240457535,0.027482713565457062,-0.0039595116885833715,-0.0011891663504350336,0.027791930381713195,5.0560641279839835e-05,-0.024948236878322174,-0.0005867079881486468,-9.903168561395392e-05,0.04991218148293645
1751555905.171851,0.6548366546630859,12,0.39231244,0.021713188,0.43248132,0.9995231,0.019447735,0.013138756,0.01994652,open,0.41626773948356166,0.012118858151511801,0.4298369030235325,0.9997485251034668,-0.009335914552946113,0.009703154656838462,0.017797817984399486,0.07953087240457535,0.023955299483561676,-0.0095943298484882,-0.0026444169764675007,0.025940325359065014,0.000225425103466792,-0.028783649552946114,-0.0034356013431615373,-0.002148702015600513,0.05813890849723206
1751555905.2221637,0.7051494121551514,13,0.39237335,0.029366653,0.4333861,0.9992663,0.0269987,0.014354141,0.022956436,open,0.41360816053671295,0.012135294941713707,0.4297897027552815,0.9997685983007895,-0.006903956484522974,0.008325944155187028,0.018464841268261967,0.07953087240457535,0.021234810536712945,-0.017231358058286295,-0.0035963972447184966,0.02758207664779398,0.0005022983007894055,-0.033902656484522974,-0.006028196844812973,-0.004491594731738033,0.06946317324505709
1751555905.2728455,0.755831241607666,14,0.39195296,0.03802281,0.43340185,0.99890697,0.03537868,0.01478094,0.026644835,open,0.4113529671889484,0.012734362884699781,0.4299523639609434,0.9997854671796914,-0.0032994228686828594,0.007174765185542636,0.01902216652395763,0.07953087240457535,0.01940000718894841,-0.025288447115300216,-0.003449486039056593,0.03205877088049746,0.000878497179691462,-0.03867810286868286,-0.007606174814457363,-0.007622668476042368,0.08032312002336396
1751555905.3227987,0.8057844638824463,15,0.39117646,0.047469705,0.43270183,0.9983949,0.04493415,0.014617987,0.03114461,open,0.40941650010520425,0.01397877705235171,0.4301731139357365,0.9997859364029775,0.0017747836222951497,0.006110282081203993,0.01956483206597777,0.07953087240457535,0.018240040105204247,-0.03349092794764829,-0.0025287160642635254,0.03821957250896055,0.0013910364029775524,-0.04315936637770485,-0.008507704918796008,-0.01157977793402223,0.09102759559247071
1751555905.3732967,0.8562824726104736,16,0.39007935,0.057926342,0.43182924,0.99780434,0.053652555,0.014597809,0.035916477,open,0.407753212236594,0.016171849056809247,0.4305021882237674,0.999748250807813,0.007885108962634429,0.005078371459265544,0.02026466405847061,0.07953087240457535,0.017673862236594007,-0.04175449294319075,-0.0013270517762326017,0.04536038088153441,0.0019439108078130873,-0.04576744603736557,-0.009519437540734456,-0.015651812941529394,0.09868216531220957
1751555905.4237854,0.906771183013916,17,0.38861245,0.06974484,0.4307101,0.99737144,0.059185643,0.014734925,0.03905603,open,0.4063436390655535,0.019279645926574454,0.4308321099474283,0.9996616444169846,0.014292740960260553,0.004291395490485175,0.02119159928624834,0.07953087240457535,0.017731189065553488,-0.05046519407342555,0.00012200994742833648,0.05348967905095506,0.002290204416984576,-0.044892902039739446,-0.010443529509514824,-0.01786443071375166,0.0989815038270934
1751555905.4741817,0.957167387008667,18,0.38648322,0.08367012,0.4289991,0.9973658,0.060720533,0.0140860975,0.037030365,open,0.4050656446704361,0.023537087808078328,0.43099902822972025,0.9995146983408705,0.021266939578831506,0.0035178489137575792,0.022380668970491395,0.07953152805566788,0.018582424670436082,-0.060133032191921676,0.001999928229720227,0.06297053104549105,0.0021488983408705087,-0.0394535934211685,-0.010568248586242421,-0.014649696029508608,0.08689790153826682
1751555905.5237536,1.0067393779754639,19,0.38361353,0.09922287,0.4265294,0.9977484,0.058666896,0.0118890945,0.030168865,open,0.40392213169050234,0.028696134066275657,0.4310620812922756,0.9993334276700763,0.027474389626614863,0.0026418256136325436,0.02379205912141541,0.07953152805566788,0.02030860169050236,-0.07052673593372435,0.0045326812922755755,0.07353233971380284,0.0015850276700762889,-0.03119250637338514,-0.009247268886367458,-0.00637680587858459,0.06638574729030827
1751555905.5745146,1.0575003623962402,20,0.38052434,0.11492345,0.42347035,0.99823207,0.054674495,0.008678441,0.021524958,open,0.4027314517055322,0.035275545620740145,0.43091600013796816,0.9990667771078207,0.03489641891140446,0.0015896823355265838,0.025307480442203732,0.07953152805566788,0.02220711170553219,-0.07964790437925985,0.007445650137968163,0.08302037212809113,0.0008347071078206314,-0.01977807608859554,-0.007088758664473416,0.003782522442203732,0.04272922002119046
1751555905.6247072,1.1076929569244385,21,0.3774556,0.13042559,0.4196859,0.9986016,0.050565455,0.0050253044,0.014418862,open,0.40147880074681197,0.042889931353696314,0.4305508294257303,0.9987050211659458,0.04334817366126,0.00048413559200411013,0.02653600921415709,0.07953152805566788,0.024023200746811968,-0.0875356586463037,0.010864929425730308,0.09142019689428552,0.0001034211659458606,-0.00721728133874,-0.00454116880799589,0.012117147214157091,0.029634600872608226
1751555905.6754198,1.1584055423736572,22,0.37539032,0.14430769,0.41571057,0.9987899,0.047795232,0.0031889144,0.0109234685,open,0.40003364291082316,0.051815569814562534,0.42992009585404123,0.9982473195588973,0.05222413303545011,-0.000700835101309807,0.027741868730657673,0.07953087240457535,0.024643322910823162,-0.09249212018543745,0.014209525854041227,0.09676774403426575,-0.0005425804411026691,0.004428901035450107,-0.0038897495013098067,0.01681840023065767,0.03565996394553379
1751555905.7258568,1.2088425159454346,23,0.37415618,0.15685852,0.41148227,0.99886125,0.04624665,0.0032055872,0.0110631855,open,0.3984509038114902,0.0616816535623757,0.4289752583646505,0.9978997424430813,0.058430534400351,-0.001750173423541056,0.027822361048362432,0.07953087240457535,0.02429472381149017,-0.0951768664376243,0.01749298836465052,0.09977411564071996,-0.0009615075569187059,0.012183884400351001,-0.004955760623541056,0.016759175548362433,0.04265304153035127
1751555905.7758706,1.2588562965393066,24,0.37421167,0.16834436,0.40703797,0.9988424,0.045287002,0.0062755453,0.014788364,open,0.39662949828247707,0.0724507008925162,0.4277134311245519,0.9978135043318882,0.06031709415003585,-0.0025931929065273426,0.02680490982028293,0.07953087240457535,0.02241782828247707,-0.09589365910748379,0.020675461124551875,0.10062617738261646,-0.0010288956681118178,0.015030092150035854,-0.008868738206527343,0.01201654582028293,0.042427974121213824
1751555905.826389,1.3093748092651367,25,0.37490386,0.17983511,0.40230212,0.9988231,0.04349111,0.010879083,0.018376859,open,0.3945220079856621,0.08373860662452548,0.42609236236125975,0.9978948431657031,0.05942709987589818,-0.0034953947750856564,0.025636958296791957,0.07953087240457535,0.019618147985662138,-0.09609650337547451,0.02379024236125976,0.1009226700151527,-0.00092825683429687,0.015935989875898178,-0.014374477775085655,0.007260099296791958,0.045350925603052004
1751555905.87609,1.3590757846832275,26,0.37587163,0.19205162,0.39642632,0.9988534,0.039901365,0.015780862,0.021117903,open,0.39227741330328875,0.09534499718026991,0.42432061076174044,0.9980212790066245,0.05760716551579896,-0.004475803695999463,0.02469977687765776,0.07953152805566788,0.016405783303288735,-0.0967066228197301,0.027894290761740437,0.10197750771661625,-0.0008321209933754847,0.01770580051579896,-0.020256665695999463,0.0035818738776577583,0.05431018217704725
1751555905.9272192,1.4102048873901367,27,0.37637523,0.20380521,0.38933152,0.9989299,0.035184447,0.018957317,0.02317038,open,0.3900534812191429,0.10717515892195993,0.42224124440422256,0.998148925553082,0.055410747877745345,-0.005456344812639678,0.024367429220716014,0.07953152805566788,0.0136782512191429,-0.09663005107804006,0.03290972440422257,0.10299277298976127,-0.000780974446918048,0.020226300877745344,-0.02441366181263968,0.0011970492207160136,0.0634747951224407
1751555905.9772053,1.460191011428833,28,0.3759434,0.2158585,0.38002864,0.9990053,0.031275634,0.019231154,0.025209451,open,0.38795039731760805,0.11889257461184374,0.4198059085522271,0.9982220448733727,0.05381117589160729,-0.006308439299379351,0.02474838957131854,0.07953152805566788,0.01200699731760807,-0.09696592538815627,0.03977726855222713,0.1054930792253337,-0.0007832551266272469,0.022535541891607294,-0.02553959329937935,-0.0004610614286814606,0.06814882294322919
1751555906.0271795,1.5101652145385742,29,0.37487048,0.22742355,0.36966184,0.9990738,0.028589437,0.017571045,0.026845261,open,0.3859723435857959,0.13076978541172096,0.4169166185324086,0.998299324511187,0.05218248526315465,-0.006927416644792629,0.024952582263317195,0.07953152805566788,0.011101863585795901,-0.09665376458827904,0.04725477853240856,0.10815828991950208,-0.0007744754888130423,0.023593048263154653,-0.024498461644792628,-0.0018926787366828034,0.06815002602896639
1751555906.0779078,1.5608935356140137,30,0.3741114,0.23863174,0.35904104,0.99915785,0.026221812,0.016001418,0.027114589,open,0.3842686705456547,0.14244996129500306,0.41341314982688654,0.998378009706846,0.05028834423348945,-0.007436204254250511,0.025540350905935205,0.07953152805566788,0.01015727054565474,-0.09618177870499695,0.05437210982688656,0.11095238179877727,-0.0007798402931540327,0.024066532233489448,-0.02343762225425051,-0.0015742380940647963,0.06728205227241035
1751555906.1277826,1.6107683181762695,31,0.37376064,0.2500168,0.34809855,0.99927706,0.023643985,0.014744703,0.025771227,open,0.3827485597563226,0.15419622688199283,0.40907232370006935,0.998438011343748,0.04843409054500051,-0.00796617123223725,0.026596839442190823,0.07953152805566788,0.008987919756322627,-0.09582057311800715,0.060973773700069345,0.11393053152441938,-0.0008390486562520616,0.02479010554500051,-0.02271087423223725,0.000825612442190822,0.06728539072117103
1751555906.179192,1.6621778011322021,32,0.37366718,0.26128384,0.3368991,0.9994251,0.020912826,0.0135167865,0.022904461,open,0.3814758775750752,0.1663971971214996,0.4036637720703706,0.9985111536368583,0.046157169399026414,-0.008437466578050118,0.027730440862522195,0.07953152805566788,0.007808697575075185,-0.09488664287850038,0.06676467207037057,0.11628401520086573,-0.0009139463631416822,0.025244343399026415,-0.02195425307805012,0.004825979862522194,0.0676315296085389
1751555906.2284608,1.7114465236663818,33,0.3738066,0.27256498,0.32508218,0.99958885,0.018012822,0.012356285,0.018445129,open,0.38035755816863626,0.17777284680579003,0.397737599612852,0.99859364469003,0.04350189807903156,-0.009054518087283902,0.028835931024832062,0.07953152805566788,0.006550958168636267,-0.09479213319420998,0.07265541961285199,0.11961301587852247,-0.0009952053099699931,0.025489076079031562,-0.0214108030872839,0.010390802024832061,0.06977690120768432
1751555906.27923,1.7622158527374268,34,0.37388748,0.28288144,0.3131107,0.99972814,0.015575238,0.010879609,0.013336157,open,0.37941630436292234,0.18947989676513047,0.3907592158059635,0.9986591393789367,0.040952783647374306,-0.009449126563313941,0.030144410120583595,0.07953087240457535,0.005528824362922347,-0.09340154323486952,0.07764851580596349,0.12158827321892603,-0.0010690006210632985,0.02537754564737431,-0.02032873556331394,0.016808253120583594,0.07324189500743093
1751555906.3298216,1.812807321548462,35,0.3740087,0.2928459,0.30013585,0.9998442,0.013291807,0.008891626,0.007147055,open,0.3786117468126547,0.2008839427529657,0.38313672518268455,0.998704521448212,0.03863183623252819,-0.009696763126036153,0.03159133351211599,0.07953087240457535,0.004603046812654665,-0.09196195724703429,0.08300087518268456,0.12396505516376959,-0.0011396785517879815,0.025340029232528188,-0.01858838912603615,0.02444427851211599,0.07966641195602571
1751555906.3800433,1.8630290031433105,36,0.37426722,0.3017618,0.28715432,0.9999136,0.011159908,0.00659725,1.5299032e-05,open,0.37793105312369285,0.21246095528027698,0.37481717626662603,0.9987621758439721,0.03594461754744962,-0.010015320545626493,0.032817288050274576,0.07953087240457535,0.003663833123692839,-0.08930084471972305,0.08766285626662601,0.12519121738220093,-0.0011514241560278693,0.02478470954744962,-0.016612570545626492,0.03280198901827457,0.08872175995557717
1751555906.4308472,1.9138329029083252,37,0.3749095,0.3096884,0.27426448,0.9999124,0.009735449,0.004364228,-0.0075199264,open,0.3773950443780705,0.22364413011114867,0.36599368932303494,0.998834767376098,0.03324522613307789,-0.010527758401666679,0.03328978962006522,0.07953087240457535,0.00248554437807047,-0.0860442698888513,0.09172920932303497,0.12579364910276675,-0.0010776326239020362,0.02350977713307789,-0.014891986401666679,0.04080971602006522,0.09882476596612759
1751555906.4807196,1.96370530128479,38,0.37616912,0.31616616,0.26161867,0.9998416,0.009510369,0.0027444065,-0.0146293305,open,0.3769279960278448,0.2345855094421038,0.3567132317888281,0.9989334397475069,0.030230634277700143,-0.011350493280721744,0.032930841191049755,0.07953087240457535,0.0007588760278448015,-0.08158065055789618,0.09509456178882808,0.12529546727669139,-0.0009081602524930732,0.020720265277700142,-0.014094899780721745,0.04756017169104976,0.10754535441905495
1751555906.5316463,2.014631986618042,39,0.37806964,0.32063335,0.24891438,0.9997322,0.012904606,0.0028568322,-0.018867584,open,0.37654399544670625,0.24541326320498463,0.34673901164591736,0.9990466597685485,0.02735493965527077,-0.012459386498819364,0.03158204653469646,0.07953087240457535,-0.0015256445532937368,-0.07522008679501535,0.09782463164591737,0.12341007902684471,-0.0006855402314515091,0.01445033365527077,-0.015316218698819363,0.05044963053469646,0.10935800229039025
1751555906.5815952,2.0645809173583984,40,0.38054606,0.32291633,0.23614624,0.9996229,0.01826446,0.0046047117,-0.019860905,open,0.37625388760802153,0.2556102253697428,0.3366053208544865,0.9991618685791178,0.02513621434437112,-0.01379840536658031,0.029129345531470067,0.07953087240457535,-0.004292172391978488,-0.06730610463025716,0.10045908085448652,0.12099818755035072,-0.0004610314208821631,0.006871754344371119,-0.018403117066580307,0.04899025053147007,0.10558055625299775
1751555906.632518,2.1155037879943848,41,0.38328302,0.32317346,0.22329548,0.99952954,0.023659356,0.0072859777,-0.017972369,open,0.37607452573339745,0.26531332393104956,0.32591633352849014,0.9992804750834632,0.023345642134783823,-0.01532692461405541,0.025569172203286358,0.07953087240457535,-0.007208494266602528,-0.05786013606895046,0.10262085352849015,0.11802879866551609,-0.00024906491653686746,-0.00031371386521617667,-0.02261290231405541,0.043541541203286356,0.09813998875975717
1751555906.6823256,2.165311336517334,42,0.38610893,0.3224931,0.21037519,0.9994436,0.027760152,0.010146234,-0.015299858,open,0.3760668716148521,0.2739483021457698,0.3150703832028953,0.9993622260265898,0.023136087367697795,-0.016718101640539194,0.021343660707749432,0.07953087240457535,-0.010042058385147934,-0.04854479785423016,0.10469519320289533,0.11583835209079232,-8.1373973410237e-05,-0.004624064632302204,-0.026864335640539194,0.03664351870774943,0.09134990556958966
1751555906.7330816,2.216067314147949,43,0.38857186,0.3218423,0.19758102,0.9994338,0.028391425,0.011550429,-0.013702575,open,0.37632615660556545,0.2816680974320811,0.3038257891584516,0.999397950963464,0.024741653835897257,-0.017963914242832908,0.01625016038941522,0.07953087240457535,-0.012245703394434537,-0.040174202567918926,0.1062447691584516,0.11424480196982845,-3.584903653608418e-05,-0.003649771164102745,-0.029514343242832905,0.029952735389415217,0.08442412200579798
1751555906.7834358,2.2664215564727783,44,0.39075506,0.32162637,0.18494698,0.99949074,0.026372826,0.011463795,-0.013658411,open,0.37672313389383155,0.2881446943975307,0.2925848751098462,0.9993670926601401,0.027860222624623013,-0.01916872832491641,0.01081503208826139,0.07953087240457535,-0.014031926106168435,-0.033481675602469285,0.1076378951098462,0.11359504397233275,-0.0001236473398599225,0.001487396624623015,-0.030632523324916408,0.02447344308826139,0.07847887535205618
1751555906.8334403,2.3164260387420654,45,0.39234033,0.32115495,0.17233114,0.99957764,0.023574986,0.009991296,-0.013567431,open,0.3773642867717126,0.293557865910778,0.28125623435167074,0.9993042087844924,0.030824686473071957,-0.020318885632618074,0.004823071471250067,0.07953152805566788,-0.014976043228287439,-0.027597084089222013,0.10892509435167075,0.11336029772598297,-0.0002734312155076024,0.007249700473071958,-0.030310181632618075,0.018390502471250066,0.07237955200397057
1751555906.8836617,2.366647481918335,46,0.39360943,0.32003796,0.15973584,0.9996387,0.02201366,0.0083932625,-0.012753687,open,0.3782561789585463,0.297921152305318,0.26994864980913685,0.9992223496823982,0.03303200812505813,-0.021394748959725533,-0.0010141466560483418,0.07953152805566788,-0.015353251041453686,-0.022116807694681995,0.11021280980913686,0.11345368634896981,-0.000416350317601788,0.011018348125058131,-0.02978801145972553,0.011739540343951659,0.06772990093892366
1751555906.9344754,2.4174611568450928,47,0.3949416,0.31828457,0.14767936,0.999629,0.023816789,0.0074471505,-0.010689979,open,0.3793768707206063,0.3013837886407066,0.2584285717762298,0.9991384939649895,0.03430752201505626,-0.022348096317961377,-0.006403704285351234,0.07953152805566788,-0.01556472927939373,-0.016900781359293404,0.11074921177622979,0.11310740522685352,-0.0004905060350104407,0.01049073301505626,-0.029795246817961377,0.004286274714648767,0.06376569604044802
1751555906.9839697,2.4669554233551025,48,0.39657307,0.31590822,0.13644482,0.9995688,0.027203292,0.0075206426,-0.007797414,open,0.3804980712020246,0.3041610482607425,0.24731303839901794,0.9990940337670828,0.033504733654934546,-0.023382602308903815,-0.01170383322031615,0.07953087240457535,-0.016074998797975415,-0.011747171739257545,0.11086821839901795,0.11264174839374105,-0.0004747662329172009,0.0063014416549345455,-0.030903244908903817,-0.003906419220316149,0.06357024958826596
1751555907.0353904,2.518376111984253,49,0.39851612,0.31277156,0.12627141,0.99949706,0.030249536,0.008388971,-0.0039218836,open,0.3818486637383509,0.30630065864785866,0.2357328748113941,0.999005693624054,0.03337527022919416,-0.02448779861101979,-0.016408671271415074,0.07953087240457535,-0.01666745626164906,-0.006470901352141345,0.1094614648113941,0.11091207752629646,-0.0004913663759460452,0.0031257342291941617,-0.03287676961101979,-0.012486787671415074,0.07062433260885863
1751555907.0859463,2.568932056427002,50,0.40048164,0.30880588,0.11646159,0.9994426,0.031824447,0.009811116,0.00080225297,open,0.38320505443182035,0.3077934118941344,0.2247368402290359,0.9988724409593825,0.03450332444151069,-0.025573157136453303,-0.020113723857943314,0.07953087240457535,-0.01727658556817968,-0.0010124681058655827,0.10827525022903589,0.10964960242846468,-0.0005701590406174128,0.0026788774415106922,-0.0353842731364533,-0.020915976827943314,0.08239598391335373
1751555907.1365795,2.61956524848938,51,0.40224525,0.30444914,0.10742901,0.9993924,0.032312553,0.011524578,0.0057526985,open,0.384600810361966,0.3087878764057921,0.21358024204913764,0.9987080909872504,0.03668999369065494,-0.026576744402461758,-0.022909609827063977,0.07953087240457535,-0.017644439638034026,0.004338736405792076,0.10615123204913764,0.10769510178874914,-0.0006843090127495177,0.004377440690654939,-0.03810132240246176,-0.028662308327063978,0.09577720495572607
1751555907.186021,2.669006824493408,52,0.40328953,0.29969317,0.0987541,0.9993433,0.03186039,0.012232767,0.011977864,open,0.38595699813106493,0.30917481415294196,0.20286739062107167,0.9985513722125927,0.03905483451026303,-0.02747273418226425,-0.024704355272485056,0.07953087240457535,-0.017332531868935075,0.009481644152941948,0.10411329062107168,0.1059712013746112,-0.0007919277874073316,0.0071944445102630275,-0.03970550118226425,-0.03668221927248506,0.10909172452922893
1751555907.23707,2.7200558185577393,53,0.40411916,0.29528263,0.09079717,0.9992526,0.03149348,0.012894413,0.018202208,open,0.38751903053030234,0.30900113652238625,0.19154084858578452,0.9984219946375236,0.040884813003643494,-0.028251669932079903,-0.026057138496449823,0.07953087240457535,-0.016600129469697633,0.013718506522386265,0.10074367858578452,0.10301966071877415,-0.0008306053624764775,0.009391333003643497,-0.0411460829320799,-0.044259346496449824,0.12234315134277778
1751555907.2873514,2.7703371047973633,54,0.4053507,0.2919459,0.08358045,0.99913776,0.031372026,0.014842131,0.022681737,open,0.3890866945480457,0.30828892005963743,0.1808270391303845,0.9983137889012987,0.04215532490034057,-0.029543512267372486,-0.02673698701400326,0.07953087240457535,-0.016264005451954333,0.016343020059637448,0.0972465891303845,0.0999425398691905,-0.0008239710987012483,0.01078329890034057,-0.04438564326737249,-0.04941872401400326,0.1346252039821746
1751555907.337329,2.820314645767212,55,0.40696627,0.2902233,0.07771849,0.9990212,0.032070525,0.018187316,0.024343126,open,0.3907793869139462,0.3070020864176547,0.17028283813532458,0.9982445805733514,0.042598223733010386,-0.031145443279697118,-0.026800895334518286,0.07953087240457535,-0.016186883086053816,0.01677878641765468,0.09256434813532458,0.0954552324569398,-0.0007766194266486393,0.010527698733010384,-0.049332759279697116,-0.051144021334518286,0.14370961623269174
1751555907.387947,2.8709328174591064,56,0.40846512,0.28938258,0.072548926,0.9989442,0.032338683,0.021206865,0.024700996,open,0.392540044194652,0.30528488222519035,0.15996912825859366,0.9982118722826528,0.0421080398226244,-0.032862306474298324,-0.026743559346877627,0.07953087240457535,-0.01592507580534802,0.015902302225190346,0.08742020225859366,0.0902706099370155,-0.0007323277173471032,0.009769356822624399,-0.05406917147429832,-0.05144455534687763,0.15058152454238105
1751555907.4385543,2.9215400218963623,57,0.40981126,0.2891071,0.068087004,0.9989159,0.03172659,0.023934435,0.024139322,open,0.394378403777893,0.30316963503380656,0.14980442007707695,0.9981730468308294,0.04220079246411147,-0.034118709152682836,-0.026471748719424898,0.07953087240457535,-0.015432856222106994,0.014062535033806556,0.08171741607707694,0.08434253987794876,-0.0007428531691705542,0.010474202464111473,-0.05805314415268284,-0.0506110707194249,0.15549897276738198
1751555907.4879344,2.9709200859069824,58,0.41079962,0.28821346,0.06419824,0.99884796,0.03144486,0.025570987,0.0255995,open,0.3960863833907331,0.30098443355617344,0.14052097656636142,0.998150127431604,0.04213139691140998,-0.03503094942357226,-0.026254127515068434,0.07953087240457535,-0.014713236609266878,0.01277097355617346,0.07632273656636142,0.07877015433570608,-0.0006978325683959508,0.010686536911409979,-0.060601936423572256,-0.05185362751506843,0.1609920680034256
1751555907.5391603,3.022145986557007,59,0.41227144,0.287458,0.06169406,0.998689,0.032868315,0.027876955,0.02753217,open,0.3978147550238132,0.29866358576464525,0.13127272942491694,0.9981255740824159,0.042301566631468515,-0.03558289953078961,-0.026171571233723823,0.07953087240457535,-0.014456684976186795,0.011205585764645254,0.06957866942491694,0.07194270033694453,-0.0005634259175841816,0.009433251631468513,-0.0634598545307896,-0.053703741233723824,0.167387815433736
1751555907.5893383,3.07232403755188,60,0.4141059,0.28699896,0.06041278,0.9985072,0.03474197,0.030590666,0.028909529,open,0.39940891237160103,0.2965012703515174,0.12304682927934282,0.9980947335728434,0.04277760907522748,-0.03586280609334631,-0.026191906680054677,0.07953087240457535,-0.014696987628398994,0.009502310351517385,0.06263404927934282,0.06503321825415849,-0.0004124664271566436,0.008035639075227481,-0.0664534720933463,-0.055101435680054676,0.17345574113379575
1751555907.6401162,3.1231019496917725,61,0.4156968,0.28705218,0.060270164,0.99837995,0.035906196,0.032825768,0.029426647,open,0.4010349715732941,0.2944221079768373,0.11535382767307097,0.9980898382787616,0.04275388669626626,-0.03583750033548472,-0.026450545115804452,0.07953087240457535,-0.01466182842670588,0.007369927976837332,0.055083663673070965,0.057476038962735836,-0.00029011172123838413,0.0068476906962662565,-0.06866326833548472,-0.055877192115804455,0.17764124477905385
1751555907.6904933,3.1734790802001953,62,0.4167613,0.2875985,0.060890213,0.99835813,0.03585922,0.03391279,0.028987521,open,0.4025644960081587,0.2925207296140604,0.10851405003771131,0.9980905747700181,0.042952288407549645,-0.035517771584331954,-0.026532454947221864,0.07953087240457535,-0.014196803991841311,0.004922229614060414,0.04762383703771131,0.04993803602616725,-0.0002675552299818973,0.007093068407549648,-0.06943056158433195,-0.05551997594722186,0.1784238684632325
1751555907.7398496,3.2228353023529053,63,0.41775814,0.28852898,0.062053517,0.9983222,0.036052138,0.035306294,0.028313406,open,0.40396493126570765,0.2907744874640047,0.10250567604157038,0.998076248780234,0.04380528425979284,-0.034938730322243455,-0.02644543902762093,0.07953087240457535,-0.01379320873429235,0.0022455074640047035,0.040452159041570374,0.042798038297136506,-0.0002459512197660052,0.0077531462597928424,-0.07024502432224346,-0.054758845027620934,0.1788679376744254
1751555907.7906454,3.2736310958862305,64,0.41896507,0.2895957,0.0637657,0.99825835,0.03637327,0.037293386,0.02759724,open,0.4054610021134114,0.28933331614132585,0.09704312502150438,0.9980682269461645,0.04453994454195664,-0.03412230165338047,-0.02658671373170336,0.07953087240457535,-0.013504067886588589,-0.00026238385867416447,0.03327742502150438,0.03591400438320311,-0.00019012305383547812,0.008166674541956638,-0.07141568765338047,-0.05418395373170336,0.1800927369976948
1751555907.8409536,3.323939323425293,65,0.42067164,0.29052916,0.06653303,0.9981372,0.036705207,0.040476456,0.027050463,open,0.4069275741401867,0.2881829510588195,0.09254494318735505,0.9980746954821188,0.044971607472403474,-0.03347242757747094,-0.02644296279838339,0.07953152805566788,-0.013744065859813304,-0.002346208941180483,0.026011913187355046,0.029513110144833196,-6.250451788114564e-05,0.008266400472403478,-0.07394888357747094,-0.05349342579838339,0.1833493487303124
1751555907.8908362,3.373821973800659,66,0.42292842,0.29120737,0.070428096,0.9979447,0.036963936,0.0449453,0.026742024,open,0.40846602151280215,0.28739980714188823,0.08879451214968423,0.9980800540204039,0.04547760434820448,-0.03279483766860098,-0.026223436092413472,0.07953152805566788,-0.01446239848719788,-0.0038075628581117904,0.018366416149684234,0.023685095463273055,0.00013535402040387723,0.008513668348204474,-0.07774013766860098,-0.05296546009241347,0.18897675434393346
1751555907.9419658,3.4249515533447266,67,0.4262098,0.29162815,0.07629641,0.9976135,0.03714092,0.051666,0.026714783,open,0.41003577304650385,0.2868660044621397,0.08578488097372956,0.9980861269899173,0.045963586915561794,-0.032033585547358565,-0.026085583745272017,0.07953152805566788,-0.01617402695349618,-0.004762145537860252,0.009488470973729568,0.019347047822225794,0.0004726269899172353,0.008822666915561793,-0.08369958554735857,-0.05280036674527201,0.1987937736738327
1751555907.992169,3.4751546382904053,68,0.4305367,0.29197183,0.084290415,0.9970976,0.037259195,0.060718786,0.026768181,open,0.41171626967453295,0.286585950675651,0.08358993896033332,0.998061343815268,0.04727256194577722,-0.031292810350874715,-0.02558895842136248,0.07953152805566788,-0.01882043032546704,-0.005385879324348974,-0.0007004760396666782,0.019588439458373307,0.0009637438152679811,0.010013366945777216,-0.09201159635087472,-0.052357139421362484,0.21278466120390915
1751555908.042917,3.52590274810791,69,0.43530184,0.2923037,0.09403178,0.9963711,0.037566874,0.07145017,0.026897686,open,0.41361670660746,0.2865699084817058,0.08225379681545951,0.9980429558775475,0.04863515379429268,-0.030265939327174904,-0.02498055698682983,0.07953152805566788,-0.021685133392539968,-0.0057337915182941734,-0.011777983184540486,0.025334606042384647,0.00167185587754759,0.01106827979429268,-0.1017161093271749,-0.05187824298682983,0.22958525886881623
1751555908.0928555,3.575841188430786,70,0.43995085,0.29244515,0.105215736,0.9953716,0.038821623,0.08350742,0.027386498,open,0.41570020878967284,0.28672056544124586,0.08188375511741026,0.9981131747002316,0.04805446352354449,-0.028939526129182158,-0.024870432197810755,0.07953152805566788,-0.024250641210327162,-0.005724584558754131,-0.02333198088258974,0.03413569684930831,0.0027415747002316193,0.009232840523544492,-0.11244694612918216,-0.052256930197810754,0.24890092315822548
1751555908.1437557,3.626741409301758,71,0.44425073,0.29207093,0.1171654,0.9940821,0.04165447,0.09614478,0.028583439,open,0.41821687170891525,0.28690153998144086,0.08263634834538525,0.9981997884294289,0.047743059084658736,-0.026491283435308998,-0.024721858378266598,0.07953152805566788,-0.026033858291084733,-0.00516939001855915,-0.034529051654614756,0.04355157607769568,0.004117688429428945,0.006088589084658737,-0.122636063435309,-0.0533052973782666,0.26804508564095875
1751555908.193805,3.676790714263916,72,0.44819212,0.29077944,0.12946253,0.9925304,0.045465123,0.10896117,0.030643094,open,0.42096620494277837,0.287300945690278,0.08422222629216645,0.9982432524620406,0.04885426938245007,-0.022920767037033794,-0.024361504244761488,0.07953152805566788,-0.02722591505722166,-0.0034784943097220244,-0.04524030370783354,0.05291536121905278,0.005712852462040563,0.0033891463824500673,-0.1318819370370338,-0.05500459824476149,0.28633938688143656
1751555908.244665,3.7276506423950195,73,0.45196113,0.288323,0.14168058,0.99067867,0.050753564,0.12177873,0.033837616,open,0.42415802874908054,0.28793467888585034,0.08672937966959779,0.9983024957221588,0.04921021727082553,-0.01893439152965105,-0.02464032010287924,0.07953152805566788,-0.02780310125091945,-0.000388321114149659,-0.05495120033040221,0.061585693551413134,0.007623825722158806,-0.0015433467291744718,-0.14071312152965104,-0.05847793610287924,0.30545555523462636
1751555908.2947276,3.7777132987976074,74,0.45525151,0.28474498,0.15393014,0.9885053,0.058065645,0.13428247,0.03806606,open,0.4276950419759756,0.28852510661743913,0.09010714319864148,0.9983761768218391,0.04899125148572884,-0.014398552376664733,-0.025153998365918303,0.07953152805566788,-0.02755646802402445,0.00378012661743915,-0.06382299680135851,0.06962056598383248,0.00987087682183907,-0.00907439351427116,-0.14868102237666472,-0.0632200583659183,0.32459510684110315
1751555908.3454134,3.828399181365967,75,0.4575492,0.2805076,0.16504423,0.9864159,0.06541519,0.1445503,0.042484153,open,0.4314130342794883,0.2888547609591756,0.09451995726093398,0.9984342832886852,0.04916292581744855,-0.008647632725077075,-0.025147209765363568,0.07953152805566788,-0.026136165720511695,0.008347160959175592,-0.070524272739066,0.07567329317548302,0.012018383288685208,-0.01625226418255145,-0.15319793272507706,-0.06763136276536356,0.3377575530616522
1751555908.3959973,3.8789830207824707,76,0.459122,0.27553087,0.1751593,0.9851049,0.06797835,0.15129448,0.045302752,open,0.4351379718854367,0.288864989322902,0.09981487945454609,0.9984272837995875,0.050468859166438694,-0.0016343962847670593,-0.024256058444085436,0.07953152805566788,-0.023984028114563294,0.013334119322902016,-0.0753444205454539,0.08018612130567089,0.0133223837995875,-0.017509490833561313,-0.15292887628476706,-0.06955881044408543,0.33928648453283883
1751555908.446211,3.929196834564209,77,0.45959044,0.26954305,0.18370806,0.9849383,0.063976966,0.1538777,0.046046037,open,0.43888205712437633,0.28840762597676267,0.10624788686071875,0.998286179345272,0.05375549373573854,0.007171054578486766,-0.02188149316631313,0.07953152805566788,-0.020708382875623654,0.018864575976762665,-0.07746017313928126,0.08236982318102852,0.013347879345271929,-0.010221472264261455,-0.14670664542151324,-0.06792753016631313,0.3254420680778832
1751555908.4969845,3.9799702167510986,78,0.45949593,0.26269174,0.19133744,0.98546994,0.056574468,0.1536057,0.045263175,open,0.4424528070997682,0.2876607823001602,0.11318296496927427,0.9980559985368838,0.057051103658885514,0.01629033317205015,-0.01895234485494796,0.07953152805566788,-0.0170431229002318,0.02496904230016017,-0.07815447503072573,0.08379763170226187,0.01258605853688377,0.0004766356588855117,-0.13731536682794987,-0.06421551985494796,0.3045169470440775
1751555908.5465717,4.029557466506958,79,0.45880955,0.25514886,0.19798128,0.9861026,0.050926246,0.15172037,0.044546142,open,0.44578553060716813,0.28642374133449267,0.1206553910760087,0.9978378048431987,0.058541812203840644,0.0251315426027346,-0.016004597796495334,0.07953152805566788,-0.013024019392831876,0.03127488133449269,-0.07732588892399131,0.08442177670196774,0.011735204843198677,0.007615566203840643,-0.1265888273972654,-0.060550739796495334,0.282276287515816
1751555908.5977287,4.080714464187622,80,0.45812136,0.24657473,0.20436257,0.9864827,0.04934015,0.14972244,0.04467433,open,0.44881326379268405,0.28442463696451487,0.12861901888427923,0.997610044805,0.0587148241566289,0.034046931013240266,-0.012757133139715725,0.07953087240457535,-0.00930809620731593,0.03784990696451487,-0.07574355111572076,0.08518416312817122,0.011127344804999995,0.009374674156628904,-0.11567550898675974,-0.05743146313971573,0.26011389307342137
1751555908.6474795,4.130465269088745,81,0.45781744,0.23674305,0.21071531,0.9867146,0.049636487,0.14793806,0.045166306,open,0.45147956023786545,0.2817296824680511,0.13660698069370084,0.9973421606925589,0.05831108406982727,0.04270398330056115,-0.008942708682692445,0.07953087240457535,-0.006337879762134568,0.04498663246805107,-0.07410832930629915,0.08692531445594925,0.01062756069255888,0.008674597069827268,-0.10523407669943885,-0.05410901468269245,0.23838683566528995
1751555908.6977375,4.180723190307617,82,0.45750284,0.22602321,0.21617903,0.9869737,0.05022845,0.1456866,0.046157937,open,0.453736271919116,0.2783093939243638,0.14457552118818373,0.9970243697716372,0.057591896868797024,0.05100873600776171,-0.0043426937676204775,0.07953087240457535,-0.0037665680808840474,0.05228618392436382,-0.07160350881181626,0.0887417294098114,0.010050669771637266,0.007363446868797023,-0.09467786399223829,-0.05050063076762048,0.21615615088013773
1751555908.7486103,4.231595993041992,83,0.45717877,0.21358746,0.22130714,0.9873792,0.04968955,0.1426684,0.0474783,open,0.4556062900791242,0.27401116505648476,0.15261874752136256,0.9966621574194982,0.05643702495060617,0.05893250795847438,0.001239740514655493,0.07953087240457535,-0.0015724799208758355,0.060423705056484756,-0.06868839247863745,0.09149640477720399,0.009282957419498139,0.0067474749506061735,-0.08373589204152562,-0.046238559485344506,0.1927551616613028
1751555908.7993326,4.282318353652954,84,0.45670965,0.19936109,0.22626716,0.98799336,0.047909442,0.13824369,0.049575295,open,0.45707796857733496,0.26892993699964735,0.16039391803223402,0.9962463190927039,0.054765420180112726,0.06661438696183994,0.007191387433243545,0.07953087240457535,0.0003683185773349362,0.06956884699964735,-0.06587324196776598,0.09580837196601662,0.008252959092703849,0.006855978180112729,-0.07162930303816006,-0.04238390756675645,0.16788613986428516
1751555908.8496256,4.332611322402954,85,0.4556581,0.18434662,0.23053296,0.9888386,0.045579348,0.13201703,0.05183961,open,0.4582967303503267,0.2630587108530602,0.1676885106761069,0.9957943698204119,0.052389249854962065,0.07394737878598526,0.013262657493597892,0.07953087240457535,0.0026386303503266872,0.07871209085306022,-0.0628444493238931,0.10075703661486596,0.006955769820411906,0.006809901854962067,-0.05806965121401475,-0.03857695250640211,0.14081327576154715
1751555908.8998575,4.382843255996704,86,0.45427343,0.16897002,0.23472516,0.9899329,0.042104207,0.1242143,0.053161,open,0.45926051299212245,0.2561339942686165,0.17472888706677986,0.9953189602991498,0.04917147251739964,0.08074627858001074,0.019938580931692554,0.07953087240457535,0.004987082992122471,0.0871639742686165,-0.05999627293322013,0.10593385753831397,0.005386060299149786,0.00706726551739964,-0.04346802141998926,-0.033222419068307446,0.11086849030517484
1751555908.9504638,4.4334495067596436,87,0.45244944,0.15333644,0.23859605,0.99127275,0.037208095,0.114808515,0.05299163,open,0.45985807693504005,0.2480518966776624,0.18142597046230918,0.9948050800776586,0.045130054843186,0.08706078010579225,0.027234686798054145,0.07953152805566788,0.007408636935040069,0.0947154566776624,-0.05717007953769082,0.11087977105513556,0.0035323300776585187,0.007921959843186006,-0.027747734894207746,-0.025756943201945853,0.07768625772376768
1751555909.001131,4.484116792678833,88,0.450629,0.13799618,0.24280682,0.9926374,0.03199484,0.105066866,0.05102404,open,0.4603667487205344,0.2391298309075349,0.1877719800095025,0.9942500881786901,0.040589520513603365,0.09273678128425653,0.03484710975584931,0.07953152805566788,0.0097377487205344,0.1011336509075349,-0.05503483999049752,0.11554943837514343,0.0016126881786900915,0.008594680513603369,-0.01233008471574347,-0.016176930244150692,0.044281632627106646
1751555909.0508296,4.533815383911133,89,0.44835332,0.1227009,0.2470404,0.99392086,0.028133195,0.094804585,0.0483438,open,0.46053923025431864,0.22923519232456024,0.1935326510303999,0.9936449151058866,0.03574892173365869,0.09777179656855019,0.042751064860397266,0.07953152805566788,0.012185910254318644,0.10653429232456024,-0.05350774896960009,0.11983793660446138,-0.0002759448941134224,0.007615726733658693,0.0029672115685501904,-0.005592735139602734,0.019815120075657798
1751555909.1014607,4.584446430206299,90,0.4454863,0.107628174,0.25093624,0.995108,0.026002886,0.08372299,0.045491803,open,0.46051295607623693,0.21821080307870958,0.1991687599708465,0.9930098134443436,0.030299603772731484,0.10185386096415083,0.05132657831861063,0.07953152805566788,0.015026656076236933,0.11058262907870958,-0.05176748002915349,0.12302109670849866,-0.0020981865556564117,0.004296717772731485,0.018130870964150836,0.005834775318610631,0.03927602414255005
1751555909.1518764,4.634862184524536,91,0.44224826,0.091938704,0.25471753,0.99612767,0.02483634,0.07303495,0.042117964,open,0.46035056180276246,0.20677013778910613,0.20430874655849365,0.9923303101511872,0.02542190145381208,0.10547786073916826,0.05919363917477302,0.07953087240457535,0.018102301802762455,0.11483143378910614,-0.05040878344150637,0.12670831450490078,-0.003797359848812798,0.00058556145381208,0.03244291073916826,0.01707567517477302,0.07373043886672793
1751555909.202467,4.685452699661255,92,0.4396253,0.07656035,0.25843212,0.9968249,0.023956329,0.0654986,0.03835684,open,0.4598124838051183,0.19431167885270803,0.20915544067026204,0.9916602520228969,0.021357502162561954,0.10788453948739356,0.06715588037053526,0.07953087240457535,0.020187183805118303,0.11775132885270803,-0.04927667932973795,0.12923269308625449,-0.005164647977103143,-0.0025988268374380445,0.042385939487393554,0.028799040370535253,0.10315003777426571
1751555909.2522483,4.735234022140503,93,0.43770078,0.06105222,0.2618934,0.9972166,0.022939911,0.061688155,0.034966514,open,0.45930236436545935,0.1813436141084606,0.21385693236269998,0.990977400160853,0.017918069770390996,0.1097667028110399,0.07476089371220256,0.07953087240457535,0.021601584365459336,0.1202913941084606,-0.04803646763730002,0.13131698354258833,-0.006239199839147003,-0.0050218412296090045,0.048078547811039894,0.03979437971220256,0.12586678421760397
1751555909.303015,4.786000728607178,94,0.43618545,0.045602977,0.26458496,0.9973558,0.021732325,0.060767658,0.033339795,open,0.45851709919691785,0.16791646746811664,0.21817555347722062,0.9903500841524131,0.014989993008133905,0.1109321236810868,0.08167778439655561,0.07953087240457535,0.02233164919691788,0.12231349046811664,-0.04640940652277936,0.13271445105995375,-0.007005715847586913,-0.006742331991866095,0.0501644656810868,0.04833798939655561,0.14070734329454856
1751555909.3534968,4.836482524871826,95,0.43448088,0.029934214,0.26599222,0.99742186,0.020121247,0.061220463,0.031496365,open,0.457375663469668,0.1536985143379098,0.22260320332941336,0.9899774647256642,0.011291574253353347,0.11045678372207832,0.08724451095598926,0.07953152805566788,0.022894783469668,0.12376430033790979,-0.043389016670586644,0.13313294076184062,-0.007444395274335824,-0.008829672746646651,0.049236320722078314,0.05574814595598926,0.1505743307016795
1751555909.4038863,4.886872053146362,96,0.43199545,0.015398822,0.2656333,0.9975677,0.018629026,0.060442016,0.029215569,open,0.45616800212434816,0.13930749527565292,0.2270932677091838,0.9897431184767591,0.008585813223754157,0.10902815650011427,0.09188520375607637,0.07953152805566788,0.024172552124348157,0.12390867327565291,-0.038540032290816206,0.13199623357548498,-0.007824581523240837,-0.010043212776245843,0.04858614050011427,0.06266963475607637,0.16066969408399404
1751555909.4542782,4.9372639656066895,97,0.4286022,0.0019776542,0.2632882,0.99783224,0.018369118,0.05723371,0.026699705,open,0.45465318801343524,0.12429335514359291,0.23140982704939217,0.9897401319688455,0.005954813960857776,0.10665986103234124,0.09485711324641591,0.07953152805566788,0.02605098801343525,0.12231570094359291,-0.0318783729506078,0.1290581858534229,-0.008092108031154566,-0.012414304039142225,0.049426151032341235,0.0681574082464159,0.17102589282278788
1751555909.5047708,4.9877564907073975,98,0.42480385,-0.009815009,0.25948077,0.9981379,0.01956395,0.05250075,0.024016863,open,0.45303729556799754,0.10926284766437702,0.23556092296538717,0.9898986069234428,0.004018995213315467,0.10393851616321621,0.0963149374141141,0.07953152805566788,0.02823344556799756,0.11907785666437702,-0.023919847034612862,0.12469491761327836,-0.008239293076557241,-0.015544954786684533,0.051437766163216214,0.0722980744141141,0.18097526766910904
1751555909.5552728,5.0382585525512695,99,0.42068532,-0.02046676,0.25459707,0.9984246,0.021651791,0.047147807,0.021255434,open,0.4510846736569302,0.09388669951707694,0.23922435699461916,0.9902499510698213,0.0025878308245086763,0.1005999926482485,0.0962972776680364,0.07953152805566788,0.03039935365693025,0.11435345951707694,-0.015372713005380817,0.11931954873962891,-0.008174648930178718,-0.019063960175491324,0.053452185648248496,0.0750418436680364,0.18894817641792663
1751555909.6055033,5.088489055633545,100,0.41656324,-0.030173587,0.2493669,0.9986703,0.023998164,0.041603766,0.018604226,open,0.448932841153925,0.07891563894077251,0.2423478446551599,0.9907290938042568,0.001991781620013478,0.09702070649723088,0.09504769691703395,0.07953152805566788,0.03236960115392501,0.10908922594077251,-0.007019055344840097,0.11400665521431205,-0.007941206195743233,-0.02200638237998652,0.05541694049723088,0.07644347091703395,0.1946227177896019
1751555909.6568878,5.139873504638672,101,0.41288653,-0.038552746,0.24437034,0.99886334,0.025514511,0.036782265,0.016226938,open,0.4465200752111237,0.06386699308294527,0.2446487983914068,0.9912840356707528,0.0022614332868944116,0.0934221289071367,0.09283500983646509,0.07953087240457535,0.03363354521112372,0.10241973908294527,0.00027845839140680506,0.1078011867112929,-0.0075793043292471385,-0.02325307771310559,0.056639863907136705,0.07660807183646509,0.19680324633343368
1751555909.7064588,5.189444541931152,102,0.40909767,-0.046255674,0.23869134,0.99903554,0.026826214,0.03168922,0.014117199,open,0.44391138755070386,0.049837687929976324,0.24608615398541184,0.9918730335008552,0.002979256705147468,0.08956438756613005,0.09029073364365013,0.07953087240457535,0.03481371755070384,0.09609336192997632,0.0073948139854118355,0.10247249587369506,-0.0071625064991448495,-0.023846957294852533,0.05787516756613006,0.07617353464365013,0.19778712240412644
1751555909.757494,5.2404797077178955,103,0.40545818,-0.05272139,0.23260333,0.9992068,0.02670841,0.026689835,0.012460779,open,0.4410441056360311,0.03565856702183162,0.2467094355278099,0.9925050448280155,0.004353037975313797,0.08548318153722072,0.08719288580580051,0.07953087240457535,0.03558592563603108,0.08837995702183163,0.014106105527809915,0.09631384697807294,-0.006701755171984458,-0.022355372024686203,0.05879334653722072,0.0747321068058005,0.1958972746637844
1751555909.807792,5.290777683258057,104,0.40280515,-0.058540575,0.22599143,0.9993412,0.024581784,0.023965603,0.011565043,open,0.43815782108543566,0.02282420838980187,0.24652987359924294,0.9931446413982493,0.005839007295120085,0.0810836513653567,0.08396579823217994,0.07953087240457535,0.03535267108543566,0.08136478338980187,0.02053844359924295,0.0910596891847521,-0.0061965586017507235,-0.018742776704879914,0.057118048365356694,0.07240075523217994,0.1886867505159887
1751555909.8581886,5.341174364089966,105,0.40140846,-0.063369706,0.21899533,0.9994227,0.020983692,0.024200777,0.011110672,open,0.43508097785573147,0.010575002185063142,0.24545594222909384,0.9937595038336351,0.007118701394477037,0.07650348673908662,0.08083177347236559,0.07953087240457535,0.03367251785573144,0.07394470818506314,0.02646061222909385,0.08545070114900853,-0.005663196166364903,-0.013864990605522966,0.05230270973908662,0.06972110147236558,0.17692999166321235
1751555909.9081051,5.3910908699035645,106,0.40108413,-0.0672642,0.21114755,0.9994399,0.017036892,0.026572105,0.010897459,open,0.432202102599888,-0.00030298282170597955,0.24374323832063366,0.9943761182669116,0.007716734718203082,0.07171333535960914,0.07751755523478102,0.07953087240457535,0.031117972599888022,0.06696121717829402,0.03259568832063367,0.08071314466567348,-0.005063781733088413,-0.009320157281796918,0.04514123035960914,0.06662009623478102,0.16238383336430273
1751555909.9589431,5.441928863525391,107,0.40168965,-0.07007959,0.202737,0.9993747,0.01417287,0.03032836,0.01116709,open,0.42928290079414877,-0.010843217617948672,0.24129639485345672,0.9949192000036379,0.008444540311728607,0.06663540095399315,0.07496255664080546,0.07953087240457535,0.02759325079414876,0.059236372382051324,0.03855939485345672,0.07587596611469688,-0.004455499996362078,-0.005728329688271394,0.03630704095399315,0.06379546664080546,0.14755640085387137
1751555910.0097322,5.492717981338501,108,0.40258026,-0.07197563,0.19280194,0.99926925,0.012911946,0.033979844,0.011609375,open,0.42625002060539774,-0.020399361102883415,0.23826959746374082,0.9954097359754465,0.007823241029042513,0.061607294345824536,0.0727872386706715,0.07953087240457535,0.023669760605397716,0.051576268897116584,0.04546765746374082,0.07271641462355373,-0.003859514024553534,-0.0050887049709574875,0.027627450345824534,0.061177863670671496,0.13488578238736998
1751555910.0602386,5.543224334716797,109,0.4030586,-0.07299547,0.1818986,0.99919975,0.014454889,0.0353366,0.011723891,open,0.42336931383969917,-0.02864746205412398,0.2349605932250282,0.9958768104063157,0.006131629735072298,0.05662803118179194,0.0705707745166217,0.07953087240457535,0.02031071383969918,0.044348007945876025,0.05306199322502822,0.07207528030093655,-0.0033229395936843487,-0.008323259264927703,0.021291431181791935,0.058846883516621706,0.12645869358640266
1751555910.1107497,5.593735456466675,110,0.40356597,-0.073588096,0.17066713,0.99913716,0.017813036,0.035591718,0.011664178,open,0.42050553459930584,-0.03594482129582874,0.23118222912750774,0.996325507681009,0.004470768846482275,0.05145351612079022,0.06828775332462061,0.07953087240457535,0.016939564599305845,0.03764327470417127,0.06051509912750774,0.07325327434101389,-0.0028116523189909426,-0.013342267153517726,0.01586179812079022,0.05662357532462062,0.12074554880191679
1751555910.160893,5.643878698348999,111,0.40435693,-0.074014105,0.15939534,0.9990866,0.020850934,0.035414807,0.011496859,open,0.41790332615469183,-0.04207250095005889,0.2268826460556188,0.9967339071366822,0.0031230333672100574,0.04640606211999033,0.06598052045889533,0.07953087240457535,0.013546396154691831,0.031941604049941105,0.06748730605561881,0.07588351202143867,-0.002352692863317851,-0.017727900632789943,0.010991255119990329,0.05448366145889533,0.11679171268654177
1751555910.2116187,5.694604396820068,112,0.40497348,-0.0742844,0.1478715,0.9990874,0.022008447,0.03479401,0.011162875,open,0.41557369734111993,-0.047403515892159964,0.22181325447654998,0.9971182770440025,0.002185588966677732,0.041297548001784125,0.06356149773029048,0.07953152805566788,0.010600217341119933,0.026880884107840036,0.07394175447654999,0.07938721303313594,-0.001969122955997493,-0.019822858033322267,0.006503538001784125,0.05239862273029047,0.11288216233258884
1751555910.2616465,5.744632244110107,113,0.4050582,-0.07445861,0.13587105,0.99912226,0.022011807,0.03391938,0.010717823,open,0.4136593740041266,-0.05171702286577927,0.21604742054653164,0.9974537046915523,0.00235691499299658,0.036568251511684136,0.06114328749299456,0.07953152805566788,0.008601174004126633,0.022741587134220725,0.08017637054653165,0.0837819215203815,-0.0016685553084477833,-0.019654892007003422,0.0026488715116841366,0.05042546449299456,0.10843573185054403
1751555910.3124115,5.7953972816467285,114,0.4047502,-0.074467234,0.123780414,0.9991579,0.021898245,0.033073753,0.010258222,open,0.41206863846248326,-0.055430496486481136,0.20942641739300683,0.9977561175510405,0.003143430740383441,0.03213294063769042,0.058613219609472106,0.07953152805566788,0.007318438462483257,0.019036737513518857,0.08564600339300682,0.0880408701336073,-0.0014017824489594988,-0.01875481425961656,-0.0009408123623095774,0.04835499760947211,0.1037962711445933
1751555910.3631024,5.846088171005249,115,0.4046831,-0.0742909,0.11138215,0.99912745,0.022040484,0.03393931,0.010091209,open,0.41077614691561287,-0.05844149751187914,0.2021551017715444,0.998014020298822,0.004440961194091401,0.02827212596249427,0.056072869117274014,0.07953152805566788,0.006093046915612854,0.01584940248812087,0.09077295177154439,0.09234748265797739,-0.0011134297011780037,-0.017599522805908596,-0.00566718403750573,0.04598166011727402,0.09915499482375198
1751555910.4133587,5.896344423294067,116,0.40520734,-0.074200824,0.099738024,0.99900174,0.022192912,0.037285917,0.01039008,open,0.4097624507531523,-0.06102163688312928,0.19416929196958665,0.9982528002738211,0.0056306550204449765,0.024345039908266367,0.05349904719130016,0.07953152805566788,0.004555110753152292,0.013179187116870716,0.09443126796958666,0.09545524803476685,-0.0007489397261788433,-0.01656225697955502,-0.012940877091733635,0.043108967191300154,0.09594104298138775
1751555910.4637952,5.9467809200286865,117,0.40609005,-0.07420335,0.08866238,0.9987819,0.022613617,0.042386353,0.011038469,open,0.4090436523485987,-0.06307190405764546,0.18580360493770373,0.9984562112030596,0.006816202935861002,0.020844606444906894,0.05098453243423729,0.07953152805566788,0.002953602348598705,0.011131445942354545,0.09714122493770373,0.0978215233882542,-0.0003256887969403932,-0.015797414064138995,-0.021541746555093107,0.03994606343423729,0.09612190140236695
1751555910.514346,5.997331619262695,118,0.40701583,-0.074210234,0.07808748,0.9985017,0.023570625,0.04790094,0.011806226,open,0.4085063801745227,-0.06472505671008921,0.1768039205280848,0.9986421095520527,0.007567814058545167,0.017384966720748418,0.04847282308300383,0.07953152805566788,0.0014905501745226535,0.009485177289910787,0.0987164405280848,0.09918228651618549,0.00014040955205263383,-0.016002810941454833,-0.030515973279251585,0.036666597083003835,0.10064432959951491
1751555910.5640578,6.047043561935425,119,0.40774134,-0.07423556,0.068148226,0.9982289,0.024119455,0.05287979,0.01249618,open,0.4081608839570539,-0.06595919570203468,0.16784177983073806,0.9987976958066764,0.008101659414143732,0.014415129784472883,0.04609681534281523,0.07953152805566788,0.0004195439570539028,0.008276364297965327,0.09969355383073805,0.10003738750350692,0.0005687958066764587,-0.016017795585856268,-0.03846466021552712,0.033600635342815224,0.10707239561506442
1751555910.6150227,6.098008394241333,120,0.40834635,-0.07430851,0.05927446,0.99798214,0.024534676,0.057040334,0.013088072,open,0.4079025559517708,-0.06694267972663455,0.15823007400703304,0.9989388423478576,0.00829013260564286,0.011838238261839868,0.04367499783157769,0.07953152805566788,-0.0004437940482292513,0.007365830273365445,0.09895561400703304,0.09923036809506545,0.0009567023478576075,-0.016244543394357137,-0.04520209573816013,0.03058692583157769,0.11392072120969952
1751555910.6657498,6.148735523223877,121,0.40879834,-0.07449104,0.05121095,0.99780685,0.024577608,0.059920143,0.013498518,open,0.4077403651726776,-0.06767705561132335,0.14845513927104398,0.9990557183962242,0.00859510159347931,0.010040268556684284,0.04133007526711761,0.07953152805566788,-0.0010579748273223943,0.006813984388676642,0.09724418927104397,0.09748836874708182,0.0012488683962241787,-0.015982506406520693,-0.04987987444331572,0.027831557267117606,0.11867008627040704
1751555910.7156308,6.1986165046691895,122,0.40878904,-0.07469389,0.044488005,0.9977572,0.024341017,0.060812484,0.013603708,open,0.4077158312475462,-0.06825069605966468,0.13886549781093688,0.9991538756225014,0.008793043339071147,0.009042508195500856,0.03908496632026154,0.07953152805566788,-0.0010732087524538136,0.006443193940335323,0.09437749281093688,0.09460326460782185,0.0013966756225013421,-0.015547973660928853,-0.051769975804499144,0.02548125832026154,0.11956917408204472
1751555910.7664547,6.249440431594849,123,0.40837532,-0.07487987,0.038952906,0.9978347,0.024081873,0.059682045,0.013387588,open,0.4077395581147972,-0.06873898748035084,0.12915518271166676,0.9992372191023842,0.009371735803904225,0.008733748918290055,0.03682469873773826,0.07953152805566788,-0.0006357618852028124,0.006140882519649157,0.09020227671166675,0.09041330297728818,0.0014025191023842032,-0.014710137196095775,-0.05094829608170995,0.023437110737738263,0.11600588821970387
1751555910.8163037,6.2992894649505615,124,0.40798044,-0.075036936,0.034798075,0.99799025,0.023883965,0.057206467,0.012947214,open,0.4078185117313702,-0.06914244086559422,0.11980714898561015,0.9993043171401302,0.010049724871776192,0.009159477164373254,0.03465797121155829,0.07953152805566788,-0.00016192826862981846,0.005894495134405778,0.08500907398561015,0.08521334375286922,0.0013140671401302706,-0.013834240128223808,-0.04804698983562675,0.02171075721155829,0.1090639140338272
1751555910.867022,6.350007772445679,125,0.40776286,-0.07514327,0.032128375,0.9981241,0.02377651,0.05496104,0.012546819,open,0.40788812748978204,-0.06953264206771902,0.1106998151246218,0.9993641236280856,0.010605300673078601,0.009793568472659296,0.03252918965103166,0.07953087240457535,0.00012526748978203273,0.0056106279322809816,0.0785714401246218,0.0787716068199419,0.001240023628085618,-0.0131712093269214,-0.045167471527340707,0.01998237065103166,0.10227407157366626
1751555910.917709,6.400694847106934,126,0.40803018,-0.07518433,0.031239724,0.99815595,0.02379716,0.05439628,0.012435045,open,0.4079484925567914,-0.0699237384579413,0.10181783188922804,0.9994140432297727,0.01108618269518115,0.010813536169439768,0.03044536571871091,0.07953087240457535,-8.168744320863341e-05,0.0052605915420586985,0.07057810788922804,0.07077393453408021,0.001258093229772661,-0.01271097730481885,-0.04358274383056023,0.018010320718710907,0.09772339333397143
1751555910.968719,6.451704740524292,127,0.4087859,-0.07535226,0.03193044,0.9981018,0.02375967,0.055351134,0.01264135,open,0.4079746628919152,-0.07031832021433758,0.09340584492880206,0.9994605902062736,0.01101537909808392,0.011889469673423867,0.02847835452057477,0.07953087240457535,-0.0008112371080847836,0.005033939785662425,0.06147540492880207,0.06168649825181674,0.001358790206273608,-0.01274429090191608,-0.04346166432657614,0.015837004520574773,0.09600924394502029
1751555911.018582,6.501567840576172,128,0.41015646,-0.07560653,0.033858497,0.9979677,0.023750039,0.057616152,0.013111686,open,0.4080256108391193,-0.0707758006116036,0.0857826231363743,0.9994919543761965,0.011177595503576714,0.01316947449413782,0.026695421661976526,0.07953087240457535,-0.002130849160880688,0.004830729388396404,0.0519241261363743,0.05219187043588735,0.001524254376196521,-0.012572443496423287,-0.044446677505862175,0.013583735661976527,0.09635091640135164
1751555911.0687487,6.551734447479248,129,0.41254404,-0.07599368,0.037285198,0.99771756,0.023790145,0.061603896,0.013922492,open,0.40812327938314075,-0.07118837235105896,0.07885477918386613,0.9995051037342805,0.011751702828332267,0.014797039195025613,0.02505351786804942,0.07953152805566788,-0.004420760616859254,0.004805307648941035,0.04156958118386613,0.04207926075675026,0.0017875437342804723,-0.012038442171667732,-0.04680685680497439,0.011131025868049422,0.09926567408205283
1751555911.1199,6.602885723114014,130,0.41586456,-0.07652954,0.042124953,0.9973382,0.023839118,0.06720654,0.015056007,open,0.4083137324798475,-0.07152754311539472,0.07263763574665419,0.9995069681152989,0.012221226198337244,0.016589148223199755,0.023589159860318856,0.07953152805566788,-0.007550827520152514,0.005001996884605273,0.03051268274665419,0.03182858428316694,0.00216876811529898,-0.011617891801662755,-0.05061739177680024,0.008533152860318857,0.10536164666436255
1751555911.170474,6.653459787368774,131,0.4205017,-0.07709215,0.049212918,0.99674326,0.024081822,0.075117566,0.016598055,open,0.40875570997694455,-0.07186109907560428,0.06733099372967155,0.9994988812510572,0.01244566457217516,0.018489849073122074,0.022369694864355166,0.07953152805566788,-0.01174599002305543,0.005231050924395714,0.01811807572967155,0.022217039486426903,0.0027556212510572164,-0.01163615742782484,-0.05662771692687792,0.005771639864355166,0.11634387271213417
1751555911.2203941,6.70337986946106,132,0.42589423,-0.077448025,0.05796746,0.9959696,0.024648635,0.08424903,0.01828309,open,0.4095520662860698,-0.07218754010966749,0.06318764961440733,0.9994818127146959,0.012182962471560355,0.020558701461925323,0.02145244179900474,0.07953152805566788,-0.016342163713930158,0.005260484890332512,0.005220189614407331,0.017944062966471063,0.003512212714695928,-0.012465672528439643,-0.06369032853807469,0.0031693517990047416,0.1301652289366345
1751555911.270246,6.753231763839722,133,0.4315652,-0.077515334,0.06830556,0.99506074,0.025536899,0.09379681,0.019983435,open,0.410779289071966,-0.07252689298441489,0.060041755663814936,0.999448999791327,0.011813040341363741,0.02290047338713435,0.02080632697904463,0.07953152805566788,-0.020785910928034,0.004988441015585113,-0.008263804336185065,0.02291787727912178,0.004388259791326954,-0.013723858658636257,-0.07089633661286565,0.0008228919790446293,0.14473256742663046
1751555911.3211427,6.804128408432007,134,0.43641502,-0.07759728,0.079302594,0.99429804,0.026302628,0.10108748,0.021357272,open,0.41242600656395145,-0.0728461170101719,0.05805952636696704,0.9993872711850295,0.011702495472246397,0.025775775024086414,0.020467761409575718,0.07953152805566788,-0.023989013436048534,0.004751162989828098,-0.021243067633032964,0.032393120224091444,0.005089231185029464,-0.014600132527753605,-0.07531170497591358,-0.000889510590424282,0.15381354017365328
1751555911.3712823,6.8542680740356445,135,0.44000122,-0.077778496,0.09109987,0.9938641,0.026818465,0.10495166,0.022253852,open,0.41464290379430174,-0.07317563791086137,0.05728186794203412,0.9992957133570389,0.011706415057349808,0.029134762192143435,0.02043009511345493,0.07953087240457535,-0.025358316205698284,0.004602858089138628,-0.03381800205796588,0.04251926347632934,0.0054316133570389,-0.015112049942650191,-0.07581689780785657,-0.0018237568865450728,0.1550799201566744
1751555911.4223578,6.905343532562256,136,0.44197008,-0.07785279,0.10273407,0.9938967,0.027225032,0.10449514,0.022450037,open,0.4173583345852093,-0.07353299043732413,0.05769996857090459,0.99917336222089,0.011860202212436607,0.03285733979678052,0.02067629263460424,0.07953087240457535,-0.024611745414790664,0.004319799562675877,-0.045034101429095405,0.05150212589932785,0.0052766622208900715,-0.015364829787563393,-0.07163780020321947,-0.0017737443653957595,0.14698978065676485
1751555911.472491,6.955476760864258,137,0.44296962,-0.077970654,0.11568452,0.99424946,0.02744212,0.10107691,0.022217141,open,0.4202997713199091,-0.0739810201414644,0.05919670330202949,0.9990305083393238,0.012161638654786014,0.03655884837836945,0.021184299530203145,0.07953087240457535,-0.02266984868009092,0.003989633858535596,-0.05648781669797051,0.06099764464966586,0.004781048339323801,-0.015280481345213986,-0.06451806162163055,-0.0010328414697968538,0.13299095941528935
1751555911.5234675,7.006453275680542,138,0.44330412,-0.07850643,0.12951392,0.99473935,0.026974568,0.09635503,0.021838052,open,0.4235531735865964,-0.07451934208650138,0.06156346997740442,0.9988492411485892,0.012535323258898945,0.04072889119367685,0.021895261904546843,0.07953087240457535,-0.019750946413403636,0.003987087913498624,-0.06795045002259559,0.07087496322770383,0.004109891148589173,-0.014439244741101056,-0.055626138806323146,5.7209904546842716e-05,0.11524909214719421
1751555911.5733705,7.056356191635132,139,0.4430375,-0.079629585,0.14444835,0.9952755,0.025529003,0.09117715,0.021375658,open,0.4268294750168738,-0.07512817139794713,0.06485188605616556,0.9986333375438307,0.013020462689606173,0.04513379743728543,0.022804624754496246,0.07953152805566788,-0.01620802498312618,0.0045014136020528756,-0.07959646394383445,0.08135453196124065,0.0033578375438306773,-0.012508540310393829,-0.046043352562714565,0.001428966754496247,0.09571246380792887
1751555911.6240425,7.107028245925903,140,0.44229454,-0.08112697,0.160222,0.9958375,0.023626301,0.0855117,0.02079281,open,0.4300297172491365,-0.07573418841695075,0.0691114893534644,0.9983608824755202,0.013440393075835994,0.05019949713474833,0.02387677729226379,0.07953152805566788,-0.012264822750863491,0.005392781583049261,-0.09111051064653561,0.0920903530267153,0.0025233824755201972,-0.010185907924164005,-0.03531220286525166,0.003083967292263793,0.07393902859751891
1751555911.674196,7.157181739807129,141,0.44118908,-0.0830726,0.17680404,0.9963988,0.021121839,0.07960414,0.020040568,open,0.43302748734472724,-0.07634733533448115,0.07448728455778035,0.9980313658056567,0.013541211232372287,0.055801541058162096,0.025127719714434768,0.07953152805566788,-0.008161592655272776,0.006725264665518843,-0.10231675544221965,0.10286184532524614,0.0016325658056566272,-0.007580627767627713,-0.023802598941837907,0.005087151714434766,0.051092569471021886
1751555911.7247877,7.207773447036743,142,0.439207,-0.08544936,0.19312198,0.9970115,0.01780378,0.07274788,0.018817231,open,0.43586370870492813,-0.07700548110364289,0.08096292412113386,0.9976520888027692,0.013411846747606624,0.061635880528257525,0.026582628501370612,0.07953152805566788,-0.003343291295071882,0.008443878896357115,-0.11215905587886614,0.11252613253435251,0.000640588802769182,-0.004391933252393378,-0.011111999471742476,0.007765397501370612,0.028529408403300198
1751555911.775811,7.258796691894531,143,0.4364929,-0.08869306,0.20980658,0.99766886,0.013438383,0.06464501,0.017100133,open,0.4382508684380123,-0.07770658357742102,0.08848739649976803,0.9972361621681213,0.013179170405295818,0.06741136157365114,0.028235448002050315,0.07953152805566788,0.0017579684380122917,0.01098647642257898,-0.12131918350023196,0.12182831116934965,-0.00043269783187871447,-0.0002592125947041817,0.0027663515736511407,0.011135315002050315,0.022969932344019686
1751555911.8258371,7.308822870254517,144,0.43244874,-0.09290602,0.22615139,0.99837685,0.0075776908,0.054513417,0.014480974,open,0.44001342532674814,-0.07848534500500166,0.09693407215770578,0.9968098366685567,0.012779913616167666,0.07278708962660131,0.030067404667024733,0.07953152805566788,0.007564685326748144,0.014420674994998342,-0.12921731784229423,0.13023937792296378,-0.0015670133314432677,0.005202222816167666,0.01827367262660131,0.015586430667024732,0.04925103671960666
1751555911.8769536,7.359939336776733,145,0.42793223,-0.09794515,0.2413296,0.9989725,0.00062258943,0.04385999,0.011183688,open,0.4411736463424503,-0.079598713936606,0.10661760151227387,0.9964385778579706,0.01202660688342966,0.07695221542979432,0.032234512942749774,0.07953152805566788,0.013241416342450296,0.018346436063393992,-0.13471199848772614,0.1365988629511221,-0.00253392214202941,0.011404017453429659,0.033092225429794314,0.021050824942749773,0.08185222783718123
1751555911.9270303,7.410016059875488,146,0.42288467,-0.104278706,0.25657496,0.9994071,-0.006713837,0.032935172,0.0071258545,open,0.44182162817951504,-0.0811007585664318,0.11716290831099996,0.9961490288249931,0.010852198798419607,0.07976302354639703,0.034675471992122765,0.07953152805566788,0.018936958179515018,0.0231779474335682,-0.13941205168900006,0.1425887295281867,-0.0032580711750068714,0.01756603579841961,0.04682785154639703,0.027549617492122765,0.11440135674471512
1751555911.9775999,7.460585594177246,147,0.4182302,-0.11147369,0.27054235,0.9996433,-0.011431279,0.023865214,0.002860899,open,0.4418161313427938,-0.08311512438502644,0.12893302189969136,0.9959871862584814,0.009095532248541266,0.0807311496022661,0.03747617758849942,0.07953152805566788,0.023585931342793798,0.02835856561497356,-0.14160932810030863,0.14633422773249805,-0.0036561137415186407,0.020526811248541266,0.056865935602266104,0.03461527858849942,0.13955168004413632
1751555912.0280237,7.511009454727173,148,0.4137189,-0.12027934,0.28408796,0.9997773,-0.013155448,0.016247388,-0.001870795,open,0.4410961758152833,-0.08552761578420055,0.14131519185345498,0.9959377392124036,0.006715306148059587,0.08013582101975197,0.04045195852633071,0.07953152805566788,0.02737727581528332,0.034751724215799445,-0.142772768146545,0.14946993306770487,-0.0038395607875963966,0.019870754148059586,0.06388843301975197,0.04232275352633071,0.15856681414110851
1751555912.0792766,7.562262296676636,149,0.40985093,-0.13017415,0.29580998,0.9998381,-0.012606591,0.010906359,-0.006403954,open,0.4397380961809977,-0.08851700064163959,0.15479162381291478,0.9959493217096529,0.0034332223093943297,0.07850464942598384,0.04365052386967522,0.07953152805566788,0.029887166180997682,0.0416571493583604,-0.1410183561870852,0.15004911721400743,-0.0038887782903470614,0.01603981330939433,0.06759829042598384,0.05005447786967522,0.17148663611622572
1751555912.129491,7.612476825714111,150,0.40623948,-0.14215434,0.30637082,0.9998536,-0.010556266,0.007294782,-0.011103924,open,0.4377254570434499,-0.09203462325676802,0.16861445216364862,0.995962191682745,-0.0008748137202460182,0.07662797816371293,0.04671067437342489,0.07953152805566788,0.03148597704344991,0.05011971674323197,-0.13775636783635137,0.14993388421656595,-0.003891408317254985,0.009681452279753982,0.06933319616371293,0.05781459837342489,0.18181554570375355
1751555912.1799414,7.662927150726318,151,0.4030335,-0.15558584,0.3147463,0.9998325,-0.0077922186,0.0053966576,-0.015501021,open,0.43499170919314684,-0.09637879818262542,0.18307856101259268,0.9959632201143149,-0.006128047316325963,0.0743236915300961,0.04990878292309088,0.07953152805566788,0.03195820919314685,0.05920704181737459,-0.1316677389874073,0.1478620790657743,-0.003869279885685084,0.0016641712836740373,0.06892703393009611,0.06540980392309088,0.1903049355272127
1751555912.231229,7.71421480178833,152,0.39994273,-0.17017925,0.32108033,0.9997858,-0.0051780585,0.004904527,-0.019304335,open,0.4318572553912637,-0.10152753796358588,0.19778721684436973,0.9958932720304872,-0.012564319866980074,0.07227410759273216,0.05301290313101054,0.07953152805566788,0.03191452539126366,0.06865171203641413,-0.1232931131556303,0.14468167212224012,-0.0038925279695127823,-0.007386261366980074,0.06736958059273215,0.07231723813101054,0.19845680473263064
1751555912.2818363,7.764822006225586,153,0.39688528,-0.18608032,0.32535952,0.9997332,-0.002979231,0.006340266,-0.021901257,open,0.4283667421001432,-0.107621813138073,0.2124467779048211,0.9957839142025299,-0.019336512149385865,0.07008289290697158,0.05589336742703431,0.07953152805566788,0.03148146210014319,0.078458506861927,-0.1129127420951789,0.1410535610412519,-0.0039492857974701145,-0.016357281149385866,0.06374262690697158,0.0777946244270343,0.2040329039274159
1751555912.3326597,7.815645456314087,154,0.39421296,-0.2027326,0.3279034,0.99969184,-0.0007818755,0.009571414,-0.022784796,open,0.4246824940293277,-0.11465942829416144,0.2267964729314288,0.9956617975850773,-0.024253140550782162,0.06813348312484681,0.05850113098474277,0.07953152805566788,0.030469534029327672,0.08807317170583857,-0.10110692706857122,0.13750595179678535,-0.004030042414922663,-0.02347126505078216,0.05856206912484681,0.08128592698474277,0.20604363164494954
1751555912.3834832,7.866468906402588,155,0.39095923,-0.21917456,0.3283675,0.99965125,0.001701501,0.011489314,-0.023615556,open,0.4209379637445519,-0.12283311238734262,0.2405895327211409,0.995613579682502,-0.025474915070035607,0.06633308064203856,0.06082544383189913,0.07953152805566788,0.0299787337445519,0.09634144761265737,-0.08777796727885909,0.13373619758553626,-0.004037670317498021,-0.027176416070035608,0.05484376664203856,0.08444099983189914,0.20883425413076978
1751555912.433842,7.91682767868042,156,0.38756624,-0.23449247,0.32687452,0.999622,0.006873512,0.011041963,-0.02412163,open,0.4171971407416563,-0.13207147127532087,0.2532633824384236,0.9956593070862196,-0.02444919250452344,0.06439380145736075,0.0625572004816612,0.07953087240457535,0.029630900741656307,0.10242099872467914,-0.07361113756157639,0.12956330819962855,-0.003962692913780375,-0.03132270450452344,0.053351838457360745,0.08667883048166121,0.21323481606356723
1751555912.483959,7.966944694519043,157,0.3838713,-0.24911812,0.3236105,0.99958044,0.013968641,0.008190249,-0.023915522,open,0.4134487374764438,-0.14233758934812227,0.26468449098678104,0.9957534285637117,-0.02250128527847549,0.06280868498542032,0.06339601721806709,0.07953087240457535,0.029577437476443758,0.10678053065187773,-0.05892600901321898,0.12549574125122934,-0.0038270114362882746,-0.03646992627847549,0.05461843598542032,0.08731153921806709,0.21875245404840057
1751555912.5344064,8.0173921585083,158,0.38016024,-0.2631117,0.31855184,0.99951637,0.021699358,0.0024297251,-0.022032667,open,0.4096709310912688,-0.15375980455427773,0.27511282194565967,0.9959334116151258,-0.019610036403678383,0.06097343312824087,0.06332070269245871,0.07953087240457535,0.029510691091268804,0.10935189544572227,-0.043439018054340306,0.12130814571075502,-0.003582958384874213,-0.04130939440367838,0.05854370802824087,0.08535336969245871,0.2231127770507989
1751555912.5849636,8.067949295043945,159,0.37663838,-0.2776463,0.31269878,0.9993994,0.029813383,-0.0055970484,-0.016606756,open,0.4060294664242636,-0.16558356082532147,0.2835486002805733,0.9961539697771821,-0.016047056797020818,0.059085226418365125,0.0626408966848402,0.07953087240457535,0.02939108642426358,0.11206273917467854,-0.029150179719426683,0.11946391275278673,-0.00324543022281798,-0.04586043979702081,0.06468227481836512,0.0792476526848402,0.2244189511797282
1751555912.63572,8.118705749511719,160,0.3744564,-0.29184958,0.3062669,0.99915034,0.037874453,-0.013792953,-0.00831027,open,0.4023108779368873,-0.178181464113513,0.29049976999634,0.996447720921933,-0.011467659963843727,0.05661502393531972,0.061240161445485115,0.07953087240457535,0.02785447793688728,0.11366811588648701,-0.015767130003660035,0.11808858919841787,-0.0027026190780670145,-0.04934211296384373,0.07040797693531972,0.06955043144548512,0.22135086255402908
1751555912.6856976,8.168683290481567,161,0.37353548,-0.3057209,0.2998136,0.9988867,0.042357575,-0.02062153,0.0010548895,open,0.3988140197283465,-0.19092871621597446,0.29560928324207675,0.996737125139205,-0.006107692769652669,0.05417698522351014,0.059479746567693274,0.07953087240457535,0.02527853972834654,0.11479218378402556,-0.004204316757923265,0.11761771256109366,-0.002149574860795034,-0.04846526776965267,0.07479851522351014,0.05842485706769327,0.2132849119525206
1751555912.7359571,8.218942880630493,162,0.37362835,-0.31751546,0.29251873,0.9986779,0.043480407,-0.02577486,0.009097688,open,0.39522081661463115,-0.20372989091982976,0.2990453390851452,0.9970336678118928,0.00026828375049568753,0.05131437561609026,0.057322027444166423,0.07953087240457535,0.021592466614631156,0.11378556908017026,0.006526609085145185,0.11599994384288494,-0.0016442321881071642,-0.04321212324950431,0.07708923561609025,0.048224339444166424,0.2014641816182165
1751555912.7867491,8.269734859466553,163,0.374441,-0.32677275,0.28385994,0.99860924,0.042294074,-0.02857605,0.013015235,open,0.3916329677449045,-0.21684751402067315,0.30137175386413667,0.9972561939489427,0.007013100094761389,0.048834971305138315,0.05514736711076389,0.07953152805566788,0.0171919677449045,0.10992523597932685,0.017511813864136694,0.11263118966283141,-0.0013530460510572384,-0.03528097390523861,0.07741102130513831,0.04213213211076389,0.18995771610375994
1751555912.8369403,8.319926023483276,164,0.37482858,-0.33347023,0.27344716,0.99844915,0.042854503,-0.03232258,0.01460124,open,0.388257136945277,-0.22961986358111008,0.3020619594328626,0.9973976533630984,0.013479069532589474,0.04666448604161167,0.05323389254833478,0.07953152805566788,0.013428556945277004,0.1038503664188899,0.028614799432862603,0.10855427902000545,-0.0010514966369016276,-0.029375433467410526,0.07898706604161167,0.03863265254833478,0.1854903299959982
1751555912.8872774,8.37026309967041,165,0.37471133,-0.33770558,0.26124355,0.9981719,0.045387335,-0.03724154,0.014180472,open,0.38511237484590444,-0.24243087318771758,0.30141577136160447,0.9975093164467482,0.018774800378857624,0.04418503549653759,0.05162884956914335,0.07953152805566788,0.010401044845904428,0.09527470681228242,0.04017222136160448,0.10391948258713879,-0.0006625835532517721,-0.026612534621142377,0.08142657549653759,0.03744837756914335,0.18705882946650831
1751555912.9379323,8.420917987823486,166,0.37449574,-0.34069708,0.24810565,0.99781877,0.048669294,-0.042588707,0.013054237,open,0.3823355862841265,-0.2544769471489144,0.2993396152809856,0.9976098089027413,0.022761746583535643,0.04126827597818412,0.05048450918543047,0.07953152805566788,0.007839846284126484,0.0862201328510856,0.051233965280985616,0.10059967046184008,-0.00020896109725865308,-0.02590754741646436,0.08385698297818411,0.03743027218543048,0.19090545350341429
1751555912.988794,8.471779823303223,167,0.37490237,-0.34385088,0.23466736,0.99744034,0.05203619,-0.047058146,0.01362765,open,0.37985847763202135,-0.26588360318188675,0.2959563603433125,0.9977665029075057,0.02574696221039533,0.036829835965671305,0.049374551060825715,0.07953152805566788,0.004956107632021367,0.07796727681811327,0.06128900034331253,0.09929652974991143,0.0003261629075056449,-0.02628922778960467,0.08388798196567131,0.03574690106082572,0.18987443563759104
1751555913.0393286,8.522314310073853,168,0.3760765,-0.34746286,0.22191483,0.99721384,0.053401094,-0.04935834,0.016487576,open,0.3778166138867658,-0.27633283638938166,0.2914489389755016,0.9979429061517927,0.028150751020812718,0.031199935647241037,0.04836567135780965,0.07953152805566788,0.001740113886765815,0.07113002361061832,0.06953410897550161,0.09948618279039038,0.00072906615179269,-0.025250342979187285,0.08055827564724104,0.03187809535780965,0.1805495201390658
1751555913.090144,8.573129653930664,169,0.37790215,-0.3516075,0.20863397,0.9971923,0.052322183,-0.04938933,0.020632088,open,0.37617636036908014,-0.2857149638542228,0.28582277473930146,0.9981159565418755,0.03030592675275465,0.024381198474646065,0.04740071229139668,0.07953152805566788,-0.0017257896309198495,0.06589253614577723,0.07718880473930145,0.10150328195016531,0.0009236565418754283,-0.02201625624724535,0.07377052847464607,0.026768624291396682,0.163069718102314
1751555913.139867,8.622852802276611,170,0.37996104,-0.35532272,0.19524695,0.99726945,0.050465286,-0.047950175,0.024552215,open,0.37503430045257147,-0.2942349471778961,0.279350865745655,0.9982431387277448,0.032352331911348474,0.01682987332263929,0.04664653913456506,0.07953152805566788,-0.00492673954742856,0.06108777282210387,0.08410391574565498,0.10406467890060202,0.000973688727744837,-0.018112954088651524,0.06478004832263928,0.022094324134565062,0.1416440809422163
1751555913.1902595,8.673245191574097,171,0.38219848,-0.35762048,0.18163961,0.9975238,0.046678722,-0.045494873,0.026320726,open,0.37419834098873245,-0.30200427583354744,0.27189910248505456,0.9983292292679341,0.033744894930475944,0.008607777365939122,0.04605561232901373,0.07953152805566788,-0.00800013901126756,0.055616204166452576,0.09025949248505455,0.10631999047095406,0.0008054292679341435,-0.012933827069524055,0.05410265036593912,0.01973488632901373,0.11807665583931166
1751555913.241033,8.724018812179565,172,0.38438493,-0.35805178,0.16713125,0.99788606,0.041257393,-0.043240953,0.025428463,open,0.37391261199653786,-0.30930124139548926,0.2635892088962229,0.9983321672270298,0.03482377317013142,0.0001217667345780031,0.045992985556094615,0.07953152805566788,-0.010472318003462155,0.04875053860451073,0.09645795889622288,0.10858371099304422,0.00044610722702975725,-0.006433619829868585,0.043362719734578004,0.020564522556094617,0.0968562892715795
1751555913.2916632,8.774648904800415,173,0.38675648,-0.35665148,0.15227035,0.99828064,0.03551574,-0.040977053,0.02214492,open,0.37401739788988964,-0.31594581643242214,0.25427561452114567,0.9982641425124175,0.03511620672322806,-0.008041898253392573,0.04654097568528495,0.07953152805566788,-0.012739082110110378,0.04070566356757788,0.10200526452114567,0.11056359821168028,-1.649748758258962e-05,-0.00039953327677193923,0.03293515474660742,0.024396055685284954,0.08198280959007069
1751555913.342698,8.825683832168579,174,0.38948345,-0.35416758,0.13760228,0.9985927,0.031712566,-0.038322743,0.018262714,open,0.374535667442412,-0.3217942469532502,0.2443618959030247,0.9981388712579268,0.034584595497523136,-0.01591751115574864,0.04758690156219524,0.07953152805566788,-0.014947782557587996,0.032373333046749775,0.10675961590302471,0.11255702769576886,-0.00045382874207322565,0.002872029497523139,0.02240523184425136,0.029324187562195243,0.0740410695926286
1751555913.3929498,8.875935554504395,175,0.39220476,-0.35129035,0.123064004,0.9987813,0.030481258,-0.03573427,0.014999968,open,0.3752877762589771,-0.3267055076104971,0.2338956976651929,0.9979721331256283,0.03324119227737231,-0.0232875824283477,0.04898483956485103,0.07953152805566788,-0.016916983741022906,0.02458484238950287,0.11083169366519288,0.11477919295284267,-0.000809166874371714,0.0027599342773723078,0.0124466875716523,0.03398487156485103,0.07261720799277525
1751555913.443749,8.926734685897827,176,0.39504385,-0.34878573,0.10948649,0.9989309,0.030357353,-0.032166153,0.013266896,open,0.3764390228511897,-0.33082754726069685,0.22256220158597437,0.9977407059822001,0.032433447373349036,-0.02967441342760301,0.050755944688841245,0.07953152805566788,-0.018604827148810288,0.017958182739303163,0.11307571158597436,0.1159946225960918,-0.0011901940177998505,0.0020760943733490363,0.002491739572396994,0.037489048688841245,0.07530042599136816
1751555913.4936502,8.976635932922363,177,0.3981506,-0.3468916,0.09695389,0.99912035,0.029071912,-0.027089246,0.013217815,open,0.3778197911308,-0.3339468644757905,0.2111924281315646,0.9975389684841104,0.03152493887149448,-0.03487174249333095,0.05197430187316525,0.07953152805566788,-0.020330808869200023,0.01294473552420955,0.11423853813156461,0.11675337922948789,-0.0015813815158896016,0.0024530268714944847,-0.007782496493330949,0.03875648687316525,0.07928086666480663
1751555913.5442283,9.027214050292969,178,0.4009826,-0.34535652,0.08572096,0.99931866,0.026232038,-0.021694068,0.014094302,open,0.379305965566065,-0.3363289326156647,0.19942568839065195,0.9973850722283701,0.03020671970779041,-0.039181495154168355,0.05263615207409566,0.07953152805566788,-0.021676634433935027,0.00902758738433529,0.11370472839065195,0.11610400110571642,-0.0019335877716298855,0.00397468170779041,-0.017487427154168355,0.03854185007409566,0.0851141167471013
1751555913.595098,9.078083753585815,179,0.40308502,-0.3435145,0.075037405,0.99949366,0.022489587,-0.017060297,0.014518368,open,0.38097533697585223,-0.33823654903468275,0.18730672348659044,0.9972157462353873,0.029186670611806298,-0.04301812523214783,0.05341832269203886,0.07953152805566788,-0.022109683024147786,0.005277950965317246,0.11226931848659044,0.1145473470808646,-0.0022779137646126157,0.0066970836118063,-0.025957828232147834,0.03889995469203886,0.09460408168948051
1751555913.6458917,9.128877401351929,180,0.40428418,-0.34121066,0.065697685,0.9995885,0.020407213,-0.014538329,0.013793971,open,0.3828106402284753,-0.33949718116443317,0.17511716038564082,0.9970818061284815,0.02815137998683744,-0.04578176193050493,0.05417180846303555,0.07953152805566788,-0.02147353977152472,0.0017134788355668285,0.10941947538564081,0.11151982116963803,-0.0025066938715184728,0.007744166986837438,-0.031243432930504928,0.04037783746303555,0.10340958944317966
1751555913.6961756,9.179161310195923,181,0.40498236,-0.3387222,0.05780634,0.9996302,0.019915046,-0.013638792,0.012326679,open,0.38469115547143684,-0.3401962560993518,0.1632364011476766,0.9970217173528505,0.026538016500342442,-0.0476322091530223,0.05449573148600579,0.07953152805566788,-0.020291204528563145,-0.001474056099351806,0.1054300611476766,0.10737506049454336,-0.0026084826471495237,0.006622970500342443,-0.0339934171530223,0.04216905248600579,0.10927408384870299
1751555913.7469969,9.229982614517212,182,0.4052298,-0.3362398,0.0513261,0.99964267,0.02038669,-0.014105997,0.009755111,open,0.386703931355297,-0.3404406633099979,0.15130185250362332,0.9970098171224616,0.02444513890387772,-0.04903806080986432,0.05444549702223471,0.07953152805566788,-0.01852586864470296,-0.004200863309997915,0.09997575250362332,0.10176446408376463,-0.0026328528775383386,0.004058448903877722,-0.03493206380986432,0.04469038602223471,0.1138731541719681
1751555913.7975588,9.280544519424438,183,0.4050037,-0.3339655,0.04622647,0.99964154,0.020749442,-0.015394591,0.0066698445,open,0.38874323439318353,-0.3403175623614916,0.13976212722709455,0.9969717518150436,0.022935415166655305,-0.050460586340669356,0.05449959811681508,0.07953152805566788,-0.016260465606816488,-0.006352062361491551,0.09353565722709456,0.09515077829896751,-0.0026697881849564453,0.002185973166655305,-0.035065995340669356,0.04782975361681508,0.11883216689382281
1751555913.8475804,9.330566167831421,184,0.4045857,-0.33231264,0.042815343,0.99961615,0.021558492,-0.016713496,0.004320738,open,0.390736291222983,-0.3398438877691814,0.12886494982629526,0.9969647588768075,0.021155124785656267,-0.05176658392240031,0.05412148904885071,0.07953152805566788,-0.013849408777017014,-0.007531247769181404,0.08604960682629526,0.08748177325245365,-0.00265139112319257,-0.00040336721434373196,-0.035053087922400306,0.04980075104885071,0.121937615118903
1751555913.8985837,9.381569385528564,185,0.40454054,-0.33153382,0.04149214,0.99960554,0.022357948,-0.016585128,0.0030034073,open,0.39264031719989617,-0.3390059227849733,0.11818720538931358,0.9969620604052574,0.01949572576304267,-0.052977581610971436,0.05362021538220394,0.07953152805566788,-0.011900222800103832,-0.007472102784973345,0.07669506538931359,0.07797166586518724,-0.002643479594742648,-0.00286222223695733,-0.03639245361097143,0.05061680808220394,0.12494703268738742
1751555913.9489486,9.431934356689453,186,0.404868,-0.33182868,0.04194665,0.9996078,0.022898816,-0.015657522,0.0031476368,open,0.39435486842622414,-0.33805448153742723,0.10845426200347678,0.9968968801616344,0.019043556223694375,-0.0544807857726373,0.0534881502542047,0.07953152805566788,-0.010513131573775869,-0.006225801537427245,0.06650761200347678,0.06762062551230921,-0.0027109198383656885,-0.0038552597763056237,-0.0388232637726373,0.0503405134542047,0.12751504464032545
1751555913.9998393,9.48282504081726,187,0.4055477,-0.33288568,0.04344753,0.99964106,0.02234267,-0.014014019,0.0041709053,open,0.3959908606122722,-0.33692353736737113,0.09938765382246081,0.9968759129398138,0.018049509676952284,-0.05574064006001019,0.05292254312406393,0.07953152805566788,-0.009556839387727833,-0.0040378573673711116,0.055940123822460816,0.056894067568370496,-0.002765147060186157,-0.004293160323047714,-0.04172662106001019,0.04875163782406393,0.1287689716856604
1751555914.050109,9.533094644546509,188,0.4067882,-0.33432263,0.046023592,0.999681,0.02169411,-0.011464688,0.0055733565,open,0.3974079276635805,-0.33583797911872176,0.09138702347110272,0.9968348688109232,0.01750097987328519,-0.05711511018961682,0.05241192071203968,0.07953152805566788,-0.00938027233641947,-0.0015153491187217538,0.04536343147110272,0.04634788783634525,-0.0028461311890768393,-0.0041931301267148086,-0.04565042218961682,0.04683856421203968,0.1312259089429094
1751555914.1016197,9.58460545539856,189,0.4087676,-0.3359356,0.04983263,0.9997151,0.021163238,-0.007895026,0.007395601,open,0.3988572011188088,-0.3349388264362763,0.08414654349784258,0.9968000319959558,0.016801517832488233,-0.05843145742840522,0.05184935225070534,0.07953152805566788,-0.009910398881191218,0.0009967735637236852,0.034313913497842574,0.035730298390288844,-0.0029150680040441745,-0.004361720167511768,-0.05053643142840522,0.04445375125070534,0.13504581586970793
1751555914.1515667,9.634552478790283,190,0.41182712,-0.33783868,0.055615652,0.9997278,0.020794254,-0.0026165287,0.010016343,open,0.40008493092999337,-0.3342407884861006,0.07833189886521633,0.9966978111199223,0.017545638938162262,-0.05991631515065989,0.05187334818859731,0.07953152805566788,-0.011742189070006626,0.0035978915138993872,0.022716246865216325,0.02582347186462391,-0.003029988880077772,-0.0032486150618377396,-0.05729978645065989,0.04185700518859731,0.14222747702316335
1751555914.2026129,9.685598611831665,191,0.41612607,-0.33981162,0.06393422,0.9996795,0.020745344,0.004769632,0.013525128,open,0.40145511175012033,-0.3337931087012331,0.07360419302551165,0.9966619731560287,0.017572466383571177,-0.060373832761382716,0.05202216079210183,0.07953152805566788,-0.014670958249879684,0.006018511298766904,0.009669973025511647,0.018573310758645604,-0.0030175268439713854,-0.003172877616428822,-0.06514346476138272,0.03849703279210183,0.15162645337257555
1751555914.2528903,9.735876083374023,192,0.4216828,-0.3417838,0.07538579,0.9995139,0.020941902,0.014591873,0.01776532,open,0.4028810995393257,-0.33361790272184555,0.06995792820130789,0.9967032248429815,0.01651357970737413,-0.05996373926960986,0.0520530366694166,0.07953152805566788,-0.01880170046067431,0.008165897278154477,-0.005427861798692105,0.02120489335686441,-0.002810675157018494,-0.00442832229262587,-0.07455561226960986,0.0342877166694166,0.1645058422730605
1751555914.3044903,9.787476062774658,193,0.4281904,-0.34360725,0.08979121,0.99916524,0.021348782,0.026523756,0.02246607,open,0.40457390299783064,-0.33382229698928434,0.06765576367251626,0.99668094233251,0.01691517666982443,-0.05957763479251544,0.052788888392177165,0.07953152805566788,-0.02361649700216939,0.009784953010715636,-0.022135446327483738,0.0338151182194045,-0.002484297667489921,-0.004433605330175571,-0.08610139079251544,0.030322818392177164,0.1829165997106961
1751555914.3541074,9.837093114852905,194,0.43578586,-0.34493724,0.10778598,0.99855125,0.022001456,0.040736057,0.027333152,open,0.4066033474483272,-0.3342429308837826,0.06696869972534707,0.9966577725845943,0.017951514200535718,-0.05867029452608355,0.05388885938144725,0.07953152805566788,-0.029182512551672812,0.010694309116217382,-0.04081728027465294,0.051303388341525,-0.0018934774154056866,-0.004049941799464281,-0.09940635152608354,0.026555707381447254,0.20607042869888942
1751555914.4046252,9.887610912322998,195,0.44281816,-0.34476262,0.12721346,0.99782664,0.022585412,0.054141697,0.029929,open,0.40920801841806775,-0.33491772750663,0.06771955400566317,0.9966808126930861,0.018873094393992873,-0.05658564340975812,0.05535714817049431,0.07953152805566788,-0.03361014158193226,0.009844892493370005,-0.059493905994336835,0.06903686244193412,-0.0011458273069139269,-0.003712317606007126,-0.11072734040975812,0.025428148170494307,0.22747510324773068
1751555914.4559944,9.938980102539062,196,0.44862816,-0.34233147,0.1478142,0.99717027,0.023435699,0.065417185,0.028600007,open,0.41252978242546523,-0.3359656670918559,0.06991894705189389,0.996739285335514,0.019601910143246866,-0.053367417062482915,0.057215957776060256,0.07953152805566788,-0.03609837757453477,0.006365802908144147,-0.07789525294810612,0.08608883053003129,-0.0004309846644859894,-0.003833788856753135,-0.11878460206248292,0.028615950776060255,0.24464060743474764
1751555914.5060718,9.989057540893555,197,0.4528688,-0.33741662,0.16925699,0.9967032,0.024448253,0.0738877,0.022822004,open,0.4165740239964767,-0.3372414135053533,0.0736523603916276,0.9968277317164701,0.0201516902835154,-0.049021661924883345,0.059333330067223376,0.07953152805566788,-0.03629477600352332,0.0001752064946466958,-0.09560462960837239,0.10226234236030277,0.00012453171647008876,-0.004296562716484601,-0.12290936192488335,0.036511326067223376,0.25675642806737636
1751555914.5562747,10.039260387420654,198,0.45526153,-0.3302771,0.19036515,0.99641436,0.027250921,0.0789686,0.013228872,open,0.4211467807606213,-0.3384507958727244,0.07900746818891284,0.9969480626246104,0.02048352634846004,-0.043268854144957264,0.061627725161263566,0.07953152805566788,-0.03411474923937874,-0.008173695872724429,-0.11135768181108717,0.11675255336918683,0.0005337026246103882,-0.00676739465153996,-0.12223745414495726,0.048398853161263564,0.26348204385509616
1751555914.6072395,10.090225219726562,199,0.45620823,-0.3214002,0.21162488,0.99612206,0.03216908,0.08184908,0.0013680102,open,0.42602075214729535,-0.3392366980606036,0.08609887507388189,0.9970760856919225,0.020889041914254516,-0.03640628561208321,0.06381766390745754,0.07953152805566788,-0.030187477852704647,-0.017836498060603556,-0.1255260049261181,0.13033112596339091,0.0009540256919224888,-0.011280038085745486,-0.11825536561208322,0.06244965370745754,0.26862337890119814
1751555914.6579413,10.140927076339722,200,0.45641366,-0.31186464,0.23327425,0.99565285,0.03855175,0.08412484,-0.010360204,open,0.43092367062844344,-0.339254375808395,0.09508005142507697,0.9972118687795675,0.02127954036426305,-0.02842062169350034,0.06559819128581468,0.07953152805566788,-0.025489989371556554,-0.027389735808394988,-0.13819419857492302,0.1431697373943984,0.0015590187795674337,-0.017272209635736953,-0.11254546169350035,0.07595839528581468,0.27398057310582696
1751555914.7088542,10.191839933395386,201,0.4562646,-0.30269036,0.25509307,0.9949913,0.045737844,0.08657592,-0.020002674,open,0.4356987803823102,-0.338425019880778,0.10583031448265773,0.9973470244678587,0.02166411341926689,-0.02015161895562067,0.06647311982582581,0.07953152805566788,-0.02056581961768983,-0.03573465988077801,-0.14926275551734225,0.1548524750786119,0.0023557244678586997,-0.02407373058073311,-0.10672753895562068,0.0864757938258258,0.2791819399598092
1751555914.7594273,10.24241304397583,202,0.45564526,-0.29360545,0.2762333,0.9943319,0.050777584,0.08892245,-0.0285246,open,0.43996988072546706,-0.3366310493520621,0.11797937466469485,0.9974882831153804,0.022098649161601664,-0.012273467389432885,0.06613109019741346,0.07953152805566788,-0.01567537927453294,-0.04302559935206213,-0.15825392533530516,0.164745939552503,0.0031563831153803568,-0.028678934838398337,-0.10119591738943289,0.09465569019741346,0.2833117495418426
1751555914.809849,10.292834758758545,203,0.4550162,-0.28381568,0.2964435,0.9937639,0.052943252,0.09102354,-0.03660889,open,0.4438024032104064,-0.3337474171079733,0.13193047504460448,0.9976488824134768,0.022919079094727443,-0.004891551679653107,0.06436365524577811,0.07953152805566788,-0.011213796789593555,-0.04993173710797327,-0.16451302495539555,0.1722888939805252,0.0038849824134767896,-0.03002417290527256,-0.0959150916796531,0.10097254524577812,0.2852807450857855
1751555914.860375,10.343360662460327,204,0.45468602,-0.27309313,0.31570488,0.99338555,0.052493215,0.09217911,-0.043906596,open,0.44702767610911937,-0.32995734629540424,0.14704985389371455,0.9978108371583672,0.024604598277477744,0.0015670448549507112,0.061325974421616816,0.07953152805566788,-0.007658343890880659,-0.056864216295404224,-0.16865502610628547,0.17814799228998718,0.004425287158367208,-0.02788861672252226,-0.09061206514504928,0.10523257042161682,0.2836588964683157
1751555914.9103086,10.393294334411621,205,0.45415515,-0.26162454,0.3336569,0.993321,0.051355306,0.09085421,-0.049159706,open,0.4496195107706412,-0.3251898887641296,0.16348885888037584,0.9979445961143238,0.027528712720657492,0.0075981876743973,0.05732541884400815,0.07953152805566788,-0.00453563922935879,-0.06356534876412956,-0.17016804111962414,0.18170934980130884,0.004623596114323836,-0.02382659327934251,-0.08325602232560271,0.10648512484400816,0.2748784337868321
1751555914.9613848,10.44437050819397,206,0.4531735,-0.25024527,0.34970146,0.99380386,0.050165202,0.08571442,-0.049855113,open,0.4516536342599652,-0.31928828722807934,0.18162748010315502,0.9980244444144193,0.03157250978977726,0.013605304975593278,0.0525401040965345,0.07953152805566788,-0.0015198657400348203,-0.06904301722807932,-0.168073979896845,0.1817088631250266,0.004220584414419304,-0.018592692210222736,-0.07210911502440673,0.1023952170965345,0.2535317875868628
1751555915.012904,10.495889663696289,207,0.4518556,-0.23900458,0.3655192,0.99483985,0.049617328,0.07679427,-0.043926843,open,0.45299928150835006,-0.31257373714984654,0.20020076684597865,0.9980765640776574,0.035069876008391135,0.019169988688123953,0.04733886699955179,0.07953152805566788,0.0011436815083500362,-0.07356915714984655,-0.16531843315402134,0.1809527928262838,0.0032367140776574654,-0.014547451991608867,-0.057624281311876045,0.09126570999955179,0.21802673303377945
1751555915.0629447,10.5459303855896,208,0.45028675,-0.22843185,0.38001654,0.99606854,0.04989026,0.06580205,-0.031995323,open,0.45376258982343387,-0.3052513644864622,0.21890309708262262,0.9980790130943266,0.038228843038520935,0.024497059848214323,0.04209409554810758,0.07953152805566788,0.0034758398234338572,-0.07681951448646218,-0.1611134429173774,0.17852411813843239,0.002010473094326559,-0.011661416961479064,-0.04130499015178568,0.07408941854810758,0.17134641578778703
1751555915.113812,10.596797704696655,209,0.44901574,-0.2178925,0.39419794,0.9971157,0.049781732,0.054923203,-0.016148133,open,0.4541001538567084,-0.29708179630455217,0.23815531382811497,0.9979737130746134,0.04230216966215925,0.029843614188315024,0.0369260233430745,0.07953087240457535,0.005084413856708381,-0.07918929630455218,-0.15604262617188505,0.17506026703994004,0.0008580130746133063,-0.0074795623378407505,-0.025079588811684973,0.0530741563430745,0.11838194843407766
1751555915.164132,10.647117853164673,210,0.44822714,-0.20603913,0.4073147,0.9978164,0.047616106,0.04570578,-0.0011415955,open,0.4540220290446283,-0.28862937110042053,0.2570237708067255,0.9977544525176505,0.04705051349447126,0.0349962182906429,0.032291521566628824,0.07953087240457535,0.005794889044628271,-0.08259024110042054,-0.15029092919327447,0.17158698103831477,-6.194748234955583e-05,-0.0005655925055287406,-0.0107095617093571,0.033433117066628826,0.0702260457020612
1751555915.2145815,10.697567224502563,211,0.44790328,-0.19160184,0.41856235,0.9982504,0.043926876,0.038419243,0.009253119,open,0.4535033248911511,-0.2796583543409146,0.2759881928804715,0.9974342039096907,0.052404908114953574,0.03988606750898535,0.027982307097739287,0.07953087240457535,0.005600044891151068,-0.08805651434091463,-0.14257415711952853,0.16766842427540918,-0.0008161960903092513,0.008478032114953578,0.0014668245089853524,0.018729188097739286,0.04125503236272481
1751555915.264946,10.747931718826294,212,0.44798294,-0.17419176,0.42786387,0.99864,0.037922174,0.033213675,0.013120066,open,0.452756270745386,-0.27038094655140466,0.29417273087963075,0.9970773627248787,0.057052874176933215,0.04448180005159448,0.024459000318191582,0.07953087240457535,0.004773330745385995,-0.09618918655140465,-0.13369113912036923,0.1647679124560595,-0.0015626372751212925,0.01913070017693321,0.011268125051594483,0.011338934318191583,0.04996010576693268
1751555915.315413,10.798398733139038,213,0.4476856,-0.1556333,0.43498,0.99907917,0.029339364,0.027275255,0.015205555,open,0.45182234185303427,-0.26041636864717,0.3120803923484476,0.996797207727201,0.05946495901714839,0.04892390240437128,0.02146780524785696,0.07953152805566788,0.004136741853034254,-0.10478306864716999,-0.12289960765155239,0.1615577843038883,-0.0022819622727989763,0.030125595017148392,0.021648647404371276,0.006262250247856959,0.07538736352136005
1751555915.3664806,10.849466323852539,214,0.44718152,-0.13678406,0.4403417,0.99942476,0.019121122,0.02114477,0.018238176,open,0.45084683853663887,-0.2498040184970706,0.32871068984679086,0.9966593916456198,0.05945973571587061,0.052633621826409294,0.018959649183912918,0.07953152805566788,0.003665318536638873,-0.11301995849707058,-0.11163101015320914,0.15889753933425296,-0.0027653683543802376,0.04033861371587061,0.03148885182640929,0.0007214731839129199,0.10251843240813209
1751555915.4169447,10.899930477142334,215,0.4471108,-0.117790714,0.44452307,0.9995726,0.0079936925,0.016680537,0.022531265,open,0.449944551578108,-0.2381135851057224,0.3446448332250067,0.9967076532824539,0.05641146429812339,0.05570322765150351,0.01684999396729498,0.07953152805566788,0.0028337515781080014,-0.12032287110572239,-0.0998782367749933,0.1564010410464468,-0.002864946717546113,0.048417771798123385,0.03902269065150352,-0.005681271032705021,0.12504123642802933
1751555915.4674296,10.95041537284851,216,0.44779024,-0.09888493,0.44812384,0.9994874,-0.0036727504,0.015090458,0.027908223,open,0.4491075813890526,-0.2254073043957117,0.35938569728140146,0.996892294700387,0.05113964301987117,0.05790998309872868,0.01523474882394452,0.07953152805566788,0.0013173413890525953,-0.12652237439571168,-0.08873814271859853,0.15454483033802946,-0.002595105299613043,0.054812393419871173,0.04281952509872868,-0.01267347417605548,0.14152561732960608
1751555915.5179055,11.000891208648682,217,0.44958052,-0.080193624,0.4513191,0.9991642,-0.014870764,0.01693549,0.034030084,open,0.4483748926588311,-0.21199438091037798,0.37251543746127064,0.9971476963418809,0.04467379854134811,0.05911196973215055,0.014201249215279156,0.07953152805566788,-0.0012056273411688578,-0.13180075691037796,-0.07880366253872934,0.15356728261238542,-0.0020165036581190066,0.059544562541348114,0.04217647973215055,-0.019828834784720847,0.15131975945462117
1751555915.568112,11.051097631454468,218,0.45176855,-0.061947733,0.45396686,0.99867314,-0.024793953,0.02060831,0.040095635,open,0.4479004018335134,-0.19772299075707686,0.3843807975408637,0.9974255738104127,0.03720690642041072,0.0596437133083855,0.013988505664718145,0.07953152805566788,-0.003868148166486618,-0.13577525775707686,-0.06958606245913634,0.15261750645913913,-0.0012475661895872125,0.06200085942041072,0.039035403308385494,-0.02610712933528185,0.1556160775759988
1751555915.6190486,11.102034330368042,219,0.4537119,-0.04402729,0.45543888,0.99822533,-0.032564085,0.023712886,0.043801848,open,0.44762205691126933,-0.1823498289606235,0.39518714218165724,0.9976989840770049,0.028988247867892027,0.05948480989356357,0.014599955065746458,0.07953152805566788,-0.006089843088730673,-0.1383225389606235,-0.060251737818342754,0.1509982876839631,-0.0005263459229951639,0.06155233286789202,0.03577192389356357,-0.02920189293425354,0.15393895787265774
1751555915.669853,11.152838706970215,220,0.4553183,-0.025100237,0.4557705,0.9978982,-0.040532637,0.0263309,0.043106087,open,0.4476773347458794,-0.16659985893710288,0.40455144738617455,0.997920408099375,0.02029750688272118,0.05897425319757316,0.01612738304058249,0.07953152805566788,-0.007640965254120613,-0.1414996219371029,-0.05121905261382548,0.1506781958646159,2.2208099375031765e-05,0.060830143882721184,0.03264335319757315,-0.02697870395941751,0.1482739270165129
1751555915.720149,11.203134775161743,221,0.45648897,-0.006474786,0.455096,0.9977255,-0.049212765,0.028045466,0.036477134,open,0.4479179469877863,-0.14992035485805985,0.4128234067595954,0.9980640552133565,0.011009017708645598,0.058283863812086376,0.018577420590511276,0.07953152805566788,-0.008571023012213685,-0.14344556885805984,-0.04227259324040461,0.14979007243391326,0.00033855521335646177,0.060221782708645595,0.030238397812086374,-0.017899713409488725,0.13947806119817777
1751555915.7700782,11.253063917160034,222,0.4573044,0.01141123,0.45388967,0.99764186,-0.056832377,0.028638452,0.02560918,open,0.44834423779426325,-0.13305544160133315,0.4196172795110783,0.9980877807065364,0.0019284657181773634,0.05776933160143026,0.021793440177348414,0.07953152805566788,-0.008960162205736755,-0.14446667160133314,-0.03427239048892172,0.14874643007529856,0.0004459207065363735,0.058760842718177365,0.02913087960143026,-0.0038157398226515843,0.13141959734960285
1751555915.821047,11.304032802581787,223,0.45775288,0.027007598,0.4526609,0.9976432,-0.06088936,0.028331181,0.0138958655,open,0.44885144932760296,-0.11524507799123279,0.4254452277034023,0.9980027428676806,-0.007195385258338666,0.05729185883027989,0.0255260851537073,0.07953152805566788,-0.008901430672397015,-0.14225267599123279,-0.02721567229659766,0.14510600302274865,0.00035954286768069554,0.05369397474166133,0.028960677830279887,0.0116302196537073,0.12423226667382925
1751555915.871884,11.354869842529297,224,0.45814565,0.039529853,0.45189467,0.9978196,-0.059527107,0.027953388,0.005133978,open,0.4494909807777379,-0.09710732743564535,0.4301527658733161,0.9978137858933169,-0.01608371106175378,0.05704809932595492,0.02914897484575138,0.07953152805566788,-0.008654669222262101,-0.13663718043564535,-0.02174190412668392,0.13862659474936181,-5.8141066830996735e-06,0.043443395938246226,0.02909471132595492,0.02401499684575138,0.11509093199867268
1751555915.9218981,11.404883861541748,225,0.45841956,0.046572212,0.4517877,0.9980985,-0.05474412,0.028039884,0.003380447,open,0.450178517588768,-0.0792066282246133,0.4338486436821879,0.9975616501145234,-0.024001101383215505,0.057127598658736414,0.03203627226291772,0.07953152805566788,-0.008241042411232025,-0.1257788402246133,-0.01793905631781212,0.12731865994364755,-0.0005368498854766424,0.030743018616784495,0.029087714658736413,0.028655825262917718,0.10224000146727441
1751555915.9726503,11.455636024475098,226,0.4585974,0.0500839,0.45191765,0.9982748,-0.05117534,0.028337428,0.0045487103,open,0.4508164677629814,-0.061201651959995385,0.4367180687407075,0.9973082395035164,-0.030611144517496688,0.05725997427017265,0.033995746260004865,0.07953152805566788,-0.00778093223701859,-0.11128555195999539,-0.015199581259292494,0.11258794008230075,-0.0009665604964835817,0.020564195482503312,0.028922546270172652,0.029447035960004864,0.09225723838941535
1751555916.0236337,11.506619453430176,227,0.45883027,0.051797237,0.45217612,0.9983506,-0.04944549,0.02865814,0.0050024246,open,0.45154360230271745,-0.044271667385665105,0.4390105483090281,0.9970893362772922,-0.03486000713236303,0.057539954927097264,0.03580460571655804,0.07953152805566788,-0.007286667697282534,-0.09606890438566511,-0.013165571690971933,0.0972402292980781,-0.0012612637227077395,0.014585482867636973,0.028881814927097266,0.03080218111655804,0.08938910269119368
1751555916.0741212,11.557106971740723,228,0.45897952,0.052026432,0.45207423,0.9983692,-0.049150903,0.02852303,0.0049688816,open,0.452338630269348,-0.028944488170902526,0.4407259745025739,0.9969290013424248,-0.03720798200892275,0.05786851589681976,0.03734363697352478,0.07953152805566788,-0.0066408897306519665,-0.08097092017090252,-0.01134825549742613,0.08203154413134138,-0.0014401986575751646,0.01194292099107725,0.02934548589681976,0.03237475537352478,0.09064990882679394
1751555916.124654,11.607639789581299,229,0.4591594,0.05134584,0.4515622,0.9983607,-0.049705207,0.02790584,0.0046702554,open,0.4531308444537017,-0.014898998786398079,0.44216666299520124,0.9968541869025436,-0.03848617146947268,0.05798349340307827,0.037863421410530354,0.07953152805566788,-0.006028555546298275,-0.06624483878639807,-0.009395537004798782,0.06717885279921962,-0.001506513097456419,0.011219035530527319,0.030077653403078268,0.03319316601053035,0.09241164178082081
1751555916.1756346,11.658620357513428,230,0.45945537,0.05045174,0.45081425,0.99835867,-0.05028527,0.026998559,0.0041935197,open,0.45385604834762233,-0.0030942189456793934,0.44338858205708453,0.9968061261410698,-0.03955855799522428,0.05813250407900965,0.03779495294344253,0.07953152805566788,-0.005599321652377642,-0.053545958945679394,-0.007425667942915493,0.05434760957740102,-0.001552543858930222,0.01072671200477572,0.03113394507900965,0.03360143324344253,0.09415458780092283
1751555916.2265701,11.709555864334106,231,0.45969012,0.0496341,0.45026413,0.99833876,-0.051065136,0.02632753,0.0037596626,open,0.45449248432818656,0.006923065631256664,0.4442341028229896,0.9967731075184221,-0.039992471885961646,0.05856198845784562,0.037545263112347974,0.07953152805566788,-0.0051976356718134165,-0.042711034368743336,-0.0060300271770104,0.04344662358780445,-0.0015656524815779171,0.011072664114038351,0.032234458457845616,0.033785600512347976,0.09604241724842132
1751555916.2772467,11.76023244857788,232,0.4598625,0.049093947,0.44985402,0.99832743,-0.05156502,0.025826512,0.0034067102,open,0.4550144496255695,0.015330099746712761,0.44481785327334766,0.9967762433121048,-0.04036227276403298,0.059011399016619316,0.036343380441525734,0.07953152805566788,-0.004848050374430535,-0.03376384725328724,-0.005036166726652358,0.03447990645397648,-0.001551186687895223,0.011202747235967023,0.03318488701661931,0.03293667024152573,0.0962169662741347
1751555916.3280003,11.810986042022705,233,0.45999607,0.048930112,0.44948125,0.99833226,-0.051690433,0.025412362,0.003192429,open,0.4554922406350445,0.021965584263072976,0.4452640013508792,0.9968144183583946,-0.040181004191547645,0.059362280944799055,0.03489700183712484,0.07953152805566788,-0.0045038293649554695,-0.02696452773692702,-0.004217248649120819,0.027661442861728187,-0.0015178416416053997,0.011509428808452356,0.033949918944799054,0.03170457283712484,0.0957704943802829
1751555916.3780973,11.861083030700684,234,0.46012428,0.04895525,0.449161,0.9983431,-0.051627383,0.025128333,0.0030662627,open,0.45592680894651383,0.027013554198776935,0.44553923777422044,0.9968583829218263,-0.03981841850795045,0.059546602314365746,0.03372297616206489,0.07953152805566788,-0.004197471053486168,-0.021941695801223064,-0.0036217622257795345,0.022631260227798794,-0.0014847170781737695,0.011808964492049552,0.03441826931436574,0.030656713462064892,0.09521651913130971
1751555916.428606,11.91159176826477,235,0.46021023,0.04891559,0.44888052,0.99835074,-0.051637016,0.024818039,0.0029478874,open,0.45635825533170754,0.031147109287374505,0.4457354440282485,0.9969062145339608,-0.040168736267085246,0.05955389284851945,0.03182742189198939,0.07953152805566788,-0.003851974668292457,-0.017768480712625496,-0.0031450759717515098,0.018451236233602335,-0.001444525466039237,0.011468279732914755,0.03473585384851945,0.028879534491989385,0.0932656346853954
1751555916.479786,11.962771654129028,236,0.4602976,0.048867814,0.44857138,0.99835867,-0.051657755,0.024467884,0.0028151984,open,0.45674008051853643,0.034438158747402706,0.44583683777898436,0.996992079138705,-0.04047542664713732,0.059265072302264105,0.02917814158632091,0.07953152805566788,-0.0035575194814635447,-0.014429655252597297,-0.0027345422210156567,0.015111208314635817,-0.0013665908612949806,0.011182328352862682,0.03479718830226411,0.02636294318632091,0.09018016154838063
1751555916.530272,12.0132577419281,237,0.46037245,0.048833102,0.448218,0.99836904,-0.051658534,0.024054984,0.002687461,open,0.4570524904807521,0.036792156058139854,0.446001037537327,0.9970841296346288,-0.04025939416298124,0.058908688248228494,0.026969703672347863,0.07953152805566788,-0.003319959519247906,-0.01204094594186015,-0.002216962462673,0.01268548118697688,-0.0012849103653712612,0.011399139837018762,0.03485370424822849,0.024282242672347864,0.0880072979294404
1751555916.580947,12.063932657241821,238,0.46049085,0.048798412,0.44777352,0.9983822,-0.05164901,0.02354234,0.0025082398,open,0.45730898639899353,0.03869595181963959,0.44611071865527185,0.9971744769732338,-0.04004888896028682,0.05850965826690032,0.024717358148998687,0.07953152805566788,-0.003181863601006474,-0.010102460180360408,-0.0016628013447281265,0.010721420893855776,-0.0012077230267661943,0.011600121039713182,0.03496731826690032,0.022209118348998688,0.08607611785864802
1751555916.6318738,12.114859580993652,239,0.4606191,0.048731517,0.44728085,0.9983951,-0.051666398,0.02297173,0.0023056837,open,0.4575051032711257,0.040186120090466584,0.44608159901585437,0.9972446486227237,-0.04016566569527267,0.058197466233977695,0.022317345506752906,0.07953152805566788,-0.003113996728874302,-0.008545396909533418,-0.001199250984145639,0.009173820735760941,-0.001150451377276318,0.011500732304727333,0.03522573623397769,0.020011661806752908,0.08426578436796282
1751555916.6826618,12.165647506713867,240,0.46075064,0.048690643,0.4467638,0.9984095,-0.051658157,0.022373993,0.0020992795,open,0.45758873820897217,0.04131067995012446,0.44594312417825516,0.9972930597744688,-0.040521577930806095,0.05794058758270425,0.020065435802714724,0.07953152805566788,-0.0031619017910278213,-0.0073799630498755375,-0.0008206758217448318,0.008070624905051017,-0.0011164402255311456,0.011136579069193908,0.03556659458270425,0.017966156302714725,0.08278377093082448
1751555916.7332132,12.216198921203613,241,0.46089014,0.04864774,0.4462141,0.9984244,-0.051650133,0.021740424,0.0018776014,open,0.45762746938687265,0.042079001341850726,0.4457842239433029,0.997326226584209,-0.04071822603707112,0.0577227444032594,0.018592667726266533,0.07953152805566788,-0.0032626706131273497,-0.006568738658149276,-0.00042987605669708717,0.007346981728094264,-0.0010981734157909928,0.01093190696292888,0.035982320403259396,0.016715066326266532,0.08234272252783449
1751555916.7843342,12.267319917678833,242,0.4610277,0.048578054,0.44568914,0.9984369,-0.051666796,0.021133136,0.0016593764,open,0.457667204668457,0.042661021451215385,0.44557443740377256,0.9973585328187323,-0.04060644787969788,0.05747345648254543,0.017862080719797366,0.07953152805566788,-0.0033604953315429786,-0.005917032548784618,-0.00011470259622742285,0.006805685839228847,-0.0010783671812676365,0.01106034812030212,0.03634032048254543,0.016202704319797367,0.08262909411566849
1751555916.8347776,12.317763328552246,243,0.46114874,0.048533842,0.4452134,0.9984488,-0.05166536,0.020583726,0.0014687425,open,0.45772237762130225,0.04317035527245435,0.4453137513296317,0.9973924716364799,-0.040432348490132164,0.05717278785425929,0.017318598085858967,0.07953152805566788,-0.003426362378697756,-0.005363486727545649,0.00010035132963170934,0.0063652980618406655,-0.0010563283635200982,0.011233011509867837,0.036589061854259294,0.01584985558585897,0.08288613517352361
1751555916.8850598,12.368045568466187,244,0.46126398,0.048491675,0.44476485,0.99845964,-0.05166493,0.020065622,0.0012858203,open,0.4578029236063297,0.043566175264694584,0.44499274627624774,0.9974268082268677,-0.04027951376111615,0.05680606556333727,0.016898898461531003,0.07953152805566788,-0.0034610563936703365,-0.004925499735305414,0.0002278962762477521,0.00602423403557561,-0.0010328317731322922,0.011385416238883846,0.03674044356333726,0.015613078161531003,0.0830561009346769
1751555916.9355512,12.418536901473999,245,0.4613897,0.04844816,0.44427076,0.99847126,-0.05166268,0.019495105,0.0010829305,open,0.4579107087805629,0.04390456164004981,0.4446131601861826,0.9974623302954807,-0.04024539639131039,0.05636703144602127,0.016344550868618364,0.07953152805566788,-0.003478991219437122,-0.004543598359950184,0.00034240018618258983,0.005732791976773661,-0.001008929704519268,0.011417283608689613,0.036871926446021275,0.015261620368618365,0.08304418997085522
1751555916.9867291,12.469714879989624,246,0.46154487,0.0483913,0.44364393,0.99848574,-0.051655952,0.018771723,0.0008343679,open,0.4580644827667365,0.04420720136823186,0.4441627695286021,0.997500699678981,-0.040355617107807815,0.055828443176078005,0.01556091463480936,0.07953152805566788,-0.0034803872332634933,-0.004184098631768135,0.0005188395286020997,0.005467080675302638,-0.0009850403210189818,0.011300334892192183,0.037056720176078,0.01472654673480936,0.08292150685638411
1751555917.0371213,12.52010703086853,247,0.46174997,0.048319086,0.44281492,0.9985037,-0.051651675,0.017815402,0.00050059374,open,0.45824083994339143,0.04443714118868655,0.4437057063471144,0.9975367566658899,-0.04052198968808766,0.05527438046103136,0.014775285996964893,0.07953152805566788,-0.003509130056608578,-0.0038819448113134453,0.0008907863471144251,0.005308200221212701,-0.0009669433341100708,0.011129685311912343,0.037458978461031356,0.014274692256964894,0.0832347308998069
1751555917.0878494,12.57083511352539,248,0.4619953,0.04821465,0.4418041,0.9985236,-0.051658787,0.016648417,9.3729956e-05,open,0.45845303748146254,0.044621599068467035,0.4432083022128073,0.9975742628963633,-0.04067215872616028,0.05467453327294963,0.014044202496658921,0.07953087240457535,-0.0035422625185374534,-0.0035930509315329623,0.0014042022128073484,0.005237310626770026,-0.0009493371036366494,0.01098662827383972,0.038026116272949634,0.01395047254065892,0.08396370113300426
